1,23,30,100,3,5151,2
1,27,50,67.8,2,3390,2
1,49,22,86.51,4,1903.22,1
1,79,49,34.47,1,1689.03,1
2,29,25,100,4,3782,2
2,33,26,100,1,3773.38,2
2,60,45,31.2,3,1404,1
2,63,46,53.76,2,2472.96,1
3,19,39,100,2,4808.31,2
3,20,41,50.14,1,2055.74,1
4,2,26,100,11,5404.62,2
4,6,42,100,4,5398.26,2
4,9,27,100,8,3394.98,2
4,17,35,100,10,3920,2
4,30,22,54.09,2,1189.98,1
4,35,27,83.07,12,2242.89,1
4,36,35,57.46,14,2011.1,1
4,38,25,100,13,2539.5,1
4,43,46,100,16,4791.82,2
4,51,36,100,5,4228.2,2
4,52,41,47.29,9,1938.89,1
4,64,36,100,1,3680.28,2
4,81,25,100,15,2873,1
4,84,31,100,3,3224.31,2
4,89,45,75.63,7,3403.35,2
4,102,42,100,6,4460.82,2
5,11,34,100,1,5958.5,2
5,15,41,100,9,4615.78,2
5,26,24,100,8,3457.92,2
5,28,29,100,12,3772.61,2
5,40,23,100,13,4556.99,2
5,48,38,100,3,5348.5,2
5,56,35,55.49,6,1942.15,1
5,67,44,39.6,10,1742.4,1
5,80,26,100,5,2921.62,1
5,87,35,47.62,11,1666.7,1
5,88,49,65.87,4,3227.63,2
5,93,33,100,7,3705.24,2
5,94,32,53.31,2,1705.92,1
6,5,50,100,2,7208,3
6,8,41,100,15,8690.36,3
6,13,29,100,14,4566.05,2
6,39,22,100,11,3065.04,2
6,41,38,100,13,4330.1,2
6,50,41,82.5,10,3382.5,2
6,62,43,100,9,6341.21,2
6,71,44,72.58,4,3193.52,2
6,76,50,79.67,1,3983.5,2
6,96,41,70.67,5,2897.47,1
6,98,29,70.15,12,2034.35,1
6,101,31,65.77,3,2038.87,1
6,105,39,81.14,6,3164.46,2
6,106,22,100,7,2556.18,1
6,109,25,56.78,8,1419.5,1
7,22,36,100,12,5279.4,2
7,31,34,90.39,2,3073.26,2
7,37,41,83.44,18,3421.04,2
7,47,41,100,17,4774.86,2
7,59,28,88.63,4,2481.64,1
7,68,49,74.68,13,3659.32,2
7,74,31,52.6,14,1630.6,1
7,78,50,64.83,11,3241.5,2
7,82,26,63.76,3,1657.76,1
7,90,33,72.92,5,2406.36,1
7,92,39,40.15,6,1565.85,1
7,97,31,100,7,3312.97,2
7,99,30,100,16,3177.3,2
7,100,34,100,9,3763.46,2
7,103,32,100,1,3986.56,2
7,104,44,74.4,8,3273.6,2
7,107,48,61.44,10,2949.12,1
7,108,48,52.64,15,2526.72,1
8,1,30,95.7,2,2871,1
8,3,39,99.91,5,3896.49,2
8,4,27,100,4,6065.55,2
8,10,21,100,1,3036.6,2
8,32,29,70.87,6,2055.23,1
8,57,25,100,3,2845.75,1
8,61,38,83.03,7,3155.14,2
8,85,20,92.9,8,1858,1
9,7,33,100,6,5265.15,2
9,12,45,100,4,6130.35,2
9,14,39,89.38,7,3485.82,2
9,16,36,100,3,3731.04,2
9,24,38,82.39,2,3130.82,2
9,42,26,68.35,9,1777.1,1
9,44,29,100,8,4049.56,2
9,46,43,67.77,12,2914.11,1
9,53,44,100,11,5565.12,2
9,65,35,58.87,15,2060.45,1
9,73,30,63.07,5,1892.1,1
9,77,40,100,1,5448.8,2
9,83,31,68.71,10,2130.01,1
9,86,27,43.45,13,1173.15,1
9,91,31,100,16,3669.78,2
9,95,34,82.99,14,2821.66,1
10,18,26,100,4,4379.18,2
10,25,38,100,3,4432.7,2
10,34,26,100,1,3157.44,2
10,40,46,100,5,8257,3
10,45,47,100,2,6241.6,2
10,70,29,32.1,6,930.9,1
11,21,37,100,16,5433.08,2
11,23,42,100,7,6069,2
11,27,32,50.25,6,1608,1
11,29,33,100,4,3859.68,2
11,33,31,100,1,5074.39,2
11,49,28,89.27,8,2499.56,1
11,54,42,61.29,9,2574.18,1
11,55,36,85.25,13,3069,2
11,58,29,59.37,15,1721.73,1
11,60,20,35.51,3,710.2,1
11,63,39,44.35,2,1729.65,1
11,66,43,78.15,11,3360.45,2
11,69,46,100,10,5942.28,2
11,72,27,73.62,12,1987.74,1
11,75,37,100,14,3724.42,2
11,79,48,34.47,5,1654.56,1
12,19,33,99.66,6,3288.78,2
12,20,48,49.06,5,2354.88,1
12,36,28,64.33,2,1801.24,1
12,38,43,100,1,4818.15,2
12,43,39,100,4,4178.85,2
12,81,26,86.68,3,2253.68,1
13,2,29,100,1,7209.11,3
13,35,23,100,2,2539.89,1
14,9,21,100,2,3415.44,2
14,17,49,100,4,4916.66,2
14,52,50,49.81,3,2490.5,1
14,89,23,68.52,1,1575.96,1
15,6,31,100,8,4305.28,2
15,28,39,100,3,4164.42,2
15,30,45,68.67,6,3090.15,2
15,40,48,100,4,8209.44,3
15,51,41,100,9,4815.45,2
15,64,21,100,5,2925.09,1
15,67,24,30.06,1,721.44,1
15,84,32,100,7,3667.52,2
15,87,28,55.73,2,1560.44,1
15,102,42,100,10,4758.18,2
16,15,46,100,5,5723.78,2
16,26,46,100,4,7381.16,3
16,56,47,69.36,2,3259.92,2
16,80,44,100,1,5568.64,2
16,93,27,100,3,2843.91,1
17,88,27,63.38,1,1711.26,1
18,8,33,100,9,6034.38,2
18,11,43,100,10,5911.64,2
18,13,39,100,8,5938.14,2
18,39,26,100,5,3551.34,2
18,41,21,95.8,7,2011.8,1
18,48,22,100,12,2780.58,1
18,50,23,97.42,4,2240.66,1
18,62,41,100,3,5189.78,2
18,94,21,49.21,11,1033.41,1
18,98,38,79.68,6,3027.84,2
18,106,45,83.42,1,3753.9,2
18,109,50,43.68,2,2184,1
19,105,36,100,1,4219.2,2
20,5,46,100,11,5004.8,2
20,22,43,100,3,6916.12,2
20,37,21,89.46,9,1878.66,1
20,47,27,99.52,8,2687.04,1
20,68,41,59.6,4,2443.6,1
20,71,35,87.62,13,3066.7,2
20,74,20,72.98,5,1459.6,1
20,76,35,90.57,10,3169.95,2
20,78,28,70.29,2,1968.12,1
20,96,25,76.67,14,1916.75,1
20,99,29,94.14,7,2730.06,1
20,101,38,65.77,12,2499.26,1
20,107,26,59.22,1,1539.72,1
20,108,28,48.17,6,1348.76,1
21,3,29,96.34,3,2793.86,1
21,4,46,100,2,9264.86,3
21,31,29,71.81,8,2082.49,1
21,32,46,58.15,4,2674.9,1
21,57,35,98.05,1,3431.75,2
21,59,39,100,10,4651.53,2
21,61,34,83.79,5,2848.86,1
21,82,29,85.49,9,2479.21,1
21,85,22,100,6,2461.36,1
21,90,29,72.23,11,2094.67,1
21,92,49,50.62,12,2480.38,1
21,97,47,82.21,13,3863.87,2
21,100,24,100,15,2584.8,1
21,103,24,100,7,3417.12,2
21,104,43,76,14,3268,2
22,1,34,81.35,5,2765.9,1
22,10,50,100,4,8284,3
22,65,32,76.88,2,2460.16,1
22,91,25,86.74,3,2168.5,1
22,95,44,74.85,1,3293.4,2
23,7,42,100,10,7599.9,3
23,12,37,99.82,8,3693.34,2
23,14,32,63.84,11,2042.88,1
23,16,20,100,7,2142,1
23,18,34,100,2,5004.8,2
23,24,43,72.38,6,3112.34,2
23,25,31,100,1,4100.99,2
23,40,25,100,3,3598.5,2
23,42,21,73.17,13,1536.57,1
23,44,21,100,12,2469.39,1
23,46,35,49.74,16,1740.9,1
23,53,28,100,15,3583.16,2
23,70,39,30.96,4,1207.44,1
23,73,34,50.21,9,1707.14,1
23,77,43,100,5,5494.97,2
23,83,29,71.14,14,2063.06,1
23,86,31,44.66,17,1384.46,1
24,21,26,100,2,3073.72,2
24,34,46,100,3,5161.2,2
24,45,34,100,4,5331.88,2
24,58,50,59.87,1,2993.5,1
25,23,21,100,6,2856,1
25,27,42,53.88,5,2262.96,1
25,29,42,100,3,4431.84,2
25,49,36,85.59,7,3081.24,2
25,54,23,57.73,8,1327.79,1
25,55,22,77.9,12,1713.8,1
25,60,45,37.84,2,1702.8,1
25,63,22,45.25,1,995.5,1
25,66,32,72.7,10,2326.4,1
25,69,25,93.95,9,2348.75,1
25,72,49,83.04,11,4068.96,2
25,75,43,100,13,5203,2
25,79,46,33.23,4,1528.58,1
26,19,32,100,1,3254.72,2
26,33,34,100,2,6483.46,2
27,2,38,100,11,7329.06,3
27,6,22,100,4,3347.74,2
27,9,21,100,8,2439.57,1
27,17,38,100,10,3857,2
27,20,42,54.99,17,2309.58,1
27,30,43,65.02,2,2795.86,1
27,35,31,90.17,12,2795.27,1
27,36,46,73.7,14,3390.2,2
27,38,30,97.39,13,2921.7,1
27,43,38,82.34,16,3128.92,2
27,51,50,100,5,7083,3
27,52,43,53.83,9,2314.69,1
27,64,27,100,1,3415.77,2
27,81,34,100,15,3576.12,2
27,84,43,96.31,3,4141.33,2
27,89,26,62.7,7,1630.2,1
27,102,45,100,6,4597.2,2
28,8,46,100,2,11279.2,3
28,11,46,100,3,7366.44,3
28,13,42,100,1,8138.76,3
28,15,24,100,11,2559.6,1
28,26,45,100,10,7146.9,3
28,28,45,100,14,6295.95,2
28,40,22,100,15,3837.24,2
28,48,25,100,5,3447,2
28,56,20,60.69,8,1213.8,1
28,67,39,38.19,12,1489.41,1
28,80,20,96.99,7,1939.8,1
28,87,45,51.95,13,2337.75,1
28,88,29,70.84,6,2054.36,1
28,93,46,100,9,6176.42,2
28,94,46,69.12,4,3179.52,2
29,39,41,100,2,5544.02,2
29,41,41,100,4,4837.18,2
29,50,43,92.16,1,3962.88,2
29,98,32,97,3,3104,2
30,5,33,100,2,4398.24,2
30,62,45,100,9,6027.75,2
30,71,41,94.71,4,3883.11,2
30,76,50,77.99,1,3899.5,2
30,96,31,60,5,1860,1
30,101,45,85.29,3,3838.05,2
30,105,42,91.15,6,3828.3,2
30,106,30,85.41,7,2562.3,1
30,109,32,64.97,8,2079.04,1
31,37,40,96.34,2,3853.6,2
31,47,33,100,1,3423.75,2
32,22,21,100,4,2781.66,1
32,68,35,67.14,5,2349.9,1
32,74,29,59.18,6,1716.22,1
32,78,50,81.89,3,4094.5,2
32,99,22,85.99,8,1891.78,1
32,100,40,100,1,4427.6,2
32,107,26,85.13,2,2213.38,1
32,108,21,41.71,7,875.91,1
33,31,49,69.27,3,3394.23,2
33,59,41,94.1,5,3858.1,2
33,82,46,77.52,4,3565.92,2
33,85,23,100,1,2642.01,1
33,90,49,57.1,6,2797.9,1
33,92,27,50.19,7,1355.13,1
33,97,24,77.64,8,1863.36,1
33,103,27,99.67,2,2691.09,1
34,1,41,94.74,2,3884.34,2
34,3,27,100,5,3307.77,2
34,4,31,100,4,7023.98,3
34,10,20,100,1,2711.2,1
34,32,30,61.78,6,1853.4,1
34,57,35,93.54,3,3273.9,2
34,61,43,83.03,7,3570.29,2
35,7,42,100,7,8008.56,3
35,12,48,100,5,6031.68,2
35,14,24,75.01,8,1800.24,1
35,16,29,97.89,4,2838.81,1
35,24,48,79.31,3,3806.88,2
35,42,45,78,10,3510,2
35,44,42,100,9,5432.7,2
35,46,45,50.36,13,2266.2,1
35,53,31,100,12,4705.18,2
35,65,29,61.64,16,1787.56,1
35,70,20,35.87,1,717.4,1
35,73,27,66.13,6,1785.51,1
35,77,47,100,2,6336.07,2
35,83,23,87.31,11,2008.13,1
35,86,33,40.23,14,1327.59,1
35,91,30,89.8,17,2694,1
35,95,44,96,15,4224,2
36,18,25,100,2,3644.75,2
36,25,36,100,1,5274.72,2
36,40,41,100,3,8331.61,3
37,21,44,99.55,2,4380.2,2
37,34,37,100,3,4346.76,2
37,45,31,100,4,5124.3,2
37,58,26,49.81,1,1295.06,1
38,19,31,100,7,3184.94,2
38,20,49,43.13,6,2113.37,1
38,33,41,100,8,7956.46,3
38,35,46,100,1,5545.76,2
38,36,20,71.2,3,1424,1
38,38,20,90.06,2,1801.2,1
38,43,30,100,5,3095.4,2
38,81,29,100,4,3276.13,2
39,2,37,100,11,7374.1,3
39,6,26,100,4,3188.12,2
39,9,38,100,8,4829.8,2
39,17,32,100,10,4181.44,2
39,30,46,61.99,2,2851.54,1
39,51,40,100,5,4601.2,2
39,52,29,43.27,9,1254.83,1
39,64,47,100,1,5105.14,2
39,84,26,100,3,2829.58,1
39,89,28,60.76,7,1701.28,1
39,102,36,100,6,4114.8,2
40,15,21,100,5,2140.11,1
40,26,39,100,4,5938.53,2
40,28,47,100,8,6287.66,2
40,40,34,100,9,4836.5,2
40,56,20,54.33,2,1086.6,1
40,67,21,42.43,6,891.03,1
40,80,40,94.62,1,3784.8,2
40,87,24,45.99,7,1103.76,1
40,93,44,100,3,5500.44,2
41,8,33,100,12,8023.29,3
41,11,33,100,13,4985.64,2
41,13,46,100,11,9470.94,3
41,39,47,100,8,6034.33,2
41,41,22,97.81,10,2151.82,1
41,48,24,100,15,3791.52,2
41,50,24,70.22,7,1685.28,1
41,62,33,100,6,3366,2
41,71,49,98.25,1,4814.25,2
41,88,42,74.57,16,3131.94,2
41,94,42,49.79,14,2091.18,1
41,96,41,64,2,2624,1
41,98,43,84.01,9,3612.43,2
41,105,21,100,3,2334.99,1
41,106,38,85.41,4,3245.58,2
41,109,39,44.23,5,1724.97,1
42,5,49,100,15,5597.76,2
42,22,32,100,7,5248,2
42,37,46,74.84,13,3442.64,2
42,47,34,100,12,3455.76,2
42,68,27,60.97,8,1646.19,1
42,74,33,77.59,9,2560.47,1
42,76,23,80.51,14,1851.73,1
42,78,28,66.19,6,1853.32,1
42,92,34,36.66,1,1246.44,1
42,97,36,100,2,3945.96,2
42,99,26,100,11,2612.48,1
42,100,26,82.77,4,2152.02,1
42,101,31,85.29,16,2643.99,1
42,104,28,96,3,2688,1
42,107,34,85.87,5,2919.58,1
42,108,37,50.65,10,1874.05,1
43,90,20,81.86,1,1637.2,1
44,1,45,83.26,6,3746.7,2
44,3,37,100,9,5192.95,2
44,4,33,100,8,5176.38,2
44,10,49,100,5,8339.8,3
44,31,30,85.32,14,2559.6,1
44,32,30,49.67,10,1490.1,1
44,57,43,95.8,7,4119.4,2
44,59,40,87.54,16,3501.6,2
44,61,47,83.03,11,3902.41,2
44,65,27,60.95,3,1645.65,1
44,82,33,84.77,15,2797.41,1
44,85,33,93.9,12,3098.7,2
44,86,31,35.8,1,1109.8,1
44,91,27,100,4,3251.34,2
44,95,38,81.36,2,3091.68,2
44,103,20,100,13,2752.6,1
45,46,47,67.14,2,3155.58,2
45,53,29,100,1,4444.54,2
46,7,48,100,7,9245.76,3
46,12,31,100,5,3494.94,2
46,14,21,63.84,8,1340.64,1
46,16,33,97.89,4,3230.37,2
46,24,26,82.39,3,2142.14,1
46,42,36,86.04,10,3097.44,2
46,44,37,100,9,4405.22,2
46,70,25,42.67,1,1066.75,1
46,73,30,68.58,6,2057.4,1
46,77,23,100,2,2906.97,1
46,83,31,64.67,11,2004.77,1
47,18,23,100,13,2702.04,1
47,21,47,100,9,5848.68,2
47,25,25,100,12,4232,2
47,34,27,100,10,3528.36,2
47,40,32,100,14,5418.88,2
47,45,28,100,11,3639.44,2
47,49,34,100,1,3598.22,2
47,54,29,81.25,2,2356.25,1
47,55,25,60.26,6,1506.5,1
47,58,47,56.85,8,2671.95,1
47,66,21,73.6,4,1545.6,1
47,69,34,100,3,4392.12,2
47,72,31,73.62,5,2282.22,1
47,75,27,100,7,3469.5,2
48,19,50,100,4,5907.5,2
48,20,30,58.22,3,1746.6,1
48,23,34,100,11,5375.4,2
48,27,24,62.36,10,1496.64,1
48,29,33,100,8,4950.33,2
48,33,23,100,5,4230.62,2
48,43,42,94.25,2,3958.5,2
48,60,36,33.19,7,1194.84,1
48,63,49,49.28,6,2414.72,1
48,79,26,38.98,9,1013.48,1
48,81,20,90.57,1,1811.4,1
49,2,45,100,8,10993.5,3
49,6,20,100,1,3191.2,2
49,9,30,100,5,4100.1,2
49,17,34,100,7,4641,2
49,35,47,91.18,9,4285.46,2
49,36,30,49.97,11,1499.1,1
49,38,26,100,10,2804.36,1
49,51,49,100,2,6467.02,2
49,52,30,42.76,6,1282.8,1
49,89,49,58.18,4,2850.82,1
49,102,20,100,3,2104,1
50,15,24,100,3,3327.6,2
50,26,43,100,2,7110.91,3
50,28,49,100,6,5412.54,2
50,30,39,69.28,9,2701.92,1
50,40,21,100,7,3734.01,2
50,64,42,100,8,5098.8,2
50,67,30,40.31,4,1209.3,1
50,84,27,100,10,3068.55,2
50,87,41,63.85,5,2617.85,1
50,93,26,100,1,3220.1,2
51,48,35,100,1,4524.1,2
51,56,25,65.31,4,1632.75,1
51,80,23,100,3,2802.09,1
51,88,33,50.95,2,1681.35,1
52,8,20,100,11,4904,2
52,11,42,100,12,5393.64,2
52,13,49,100,10,7036.89,3
52,39,31,100,7,3641.57,2
52,41,29,88.74,9,2573.46,1
52,50,22,83.38,6,1834.36,1
52,62,40,100,5,5456.4,2
52,94,31,57.41,13,1779.71,1
52,96,43,64.67,1,2780.81,1
52,98,31,87.48,8,2711.88,1
52,105,50,88.15,2,4407.5,2
52,106,20,100,3,2204.6,1
52,109,50,60.06,4,3003,2
53,71,31,91.17,2,2826.27,1
53,101,36,64.33,1,2315.88,1
54,5,32,100,13,4526.08,2
54,22,38,100,5,6531.44,2
54,37,44,79.14,11,3482.16,2
54,47,29,100,10,3622.97,2
54,68,23,72.62,6,1670.26,1
54,74,34,55.89,7,1900.26,1
54,76,37,67.93,12,2513.41,1
54,78,44,77.11,4,3392.84,2
54,99,32,91.43,9,2925.76,1
54,100,20,100,2,2353.4,1
54,104,43,86.4,1,3715.2,2
54,107,44,85.87,3,3778.28,2
54,108,34,49.16,8,1671.44,1
55,92,20,41.02,1,820.4,1
55,97,48,100,2,4954.08,2
56,61,22,67.03,1,1474.66,1
57,1,49,100,14,5205.27,2
57,3,37,100,17,5016.83,2
57,4,22,100,16,4132.7,2
57,7,41,100,2,8296.35,3
57,10,38,100,13,6238.84,2
57,14,24,73.42,3,1762.08,1
57,32,42,51.48,18,2162.16,1
57,42,21,81.21,5,1705.41,1
57,44,25,100,4,3638,2
57,46,21,64.66,8,1357.86,1
57,53,32,100,7,4618.88,2
57,57,44,100,15,5355.68,2
57,65,27,80.34,11,2169.18,1
57,73,50,69.8,1,3490,2
57,83,23,67.1,6,1543.3,1
57,86,35,35.4,9,1239,1
57,91,23,100,12,2347.15,1
57,95,31,71.6,10,2219.6,1
58,12,46,100,6,5294.14,2
58,16,50,100,5,5182,2
58,24,38,88.55,4,3364.9,2
58,40,20,100,1,3996.4,2
58,70,42,37,2,1554,1
58,77,35,100,3,4767.7,2
59,18,28,100,12,3764.88,2
59,21,43,100,8,6153.73,2
59,25,48,100,11,6145.44,2
59,34,23,100,9,3187.8,2
59,45,36,100,10,5544,2
59,54,25,80.54,1,2013.5,1
59,55,37,72.76,5,2692.12,1
59,58,23,53.33,7,1226.59,1
59,66,20,100,3,2144.6,1
59,69,25,100,2,2759.75,1
59,72,20,77.05,4,1541,1
59,75,30,100,6,3148.2,2
60,19,48,91.44,2,4389.12,2
60,20,45,51.21,1,2304.45,1
60,23,29,100,9,5176.5,2
60,27,27,69.62,8,1879.74,1
60,29,38,100,6,4299.7,2
60,33,48,100,3,7209.12,3
60,49,39,100,10,3912.09,2
60,60,37,27.22,5,1007.14,1
60,63,43,36.29,4,1560.47,1
60,79,37,38.98,7,1442.26,1
61,2,21,100,1,4860.24,2
61,35,31,100,2,3329.09,2
61,36,48,69.96,4,3358.08,2
61,38,40,100,3,4900.8,2
61,43,43,100,6,4991.44,2
61,81,42,91.55,5,3845.1,2
62,6,21,100,2,3536.82,2
62,9,49,100,6,6563.06,2
62,17,36,99.17,8,3570.12,2
62,51,45,100,3,5012.55,2
62,52,25,53.83,7,1345.75,1
62,84,24,100,1,2634.96,1
62,89,49,54.94,5,2692.06,1
62,102,39,81.93,4,3195.27,2
63,8,44,100,3,8594.52,3
63,11,34,100,4,4880.02,2
63,13,27,100,2,5559.03,2
63,15,48,100,12,6825.6,2
63,26,29,100,11,5032.95,2
63,28,46,100,15,5984.14,2
63,30,31,71.1,18,2204.1,1
63,40,47,100,16,8754.69,3
63,41,50,100,1,5344.5,2
63,48,28,100,6,3337.6,2
63,56,25,69.36,9,1734,1
63,64,32,100,17,4661.76,2
63,67,27,31.82,13,859.14,1
63,80,24,99.36,8,2384.64,1
63,87,48,45.99,14,2207.52,1
63,88,44,53.44,7,2351.36,1
63,93,48,94.92,10,4556.16,2
63,94,38,66.78,5,2537.64,1
64,39,43,100,2,6930.74,2
64,50,26,73.73,1,1916.98,1
64,98,29,100,3,3013.97,2
65,5,44,100,9,5924.16,2
65,22,43,100,1,5763.72,2
65,37,46,73.12,7,3363.52,2
65,47,34,100,6,3599.58,2
65,62,33,100,16,3812.16,2
65,68,21,69.88,2,1467.48,1
65,71,20,79.66,11,1593.2,1
65,74,32,63.12,3,2019.84,1
65,76,29,83.86,8,2431.94,1
65,96,43,75.34,12,3239.62,2
65,99,29,100,5,2940.02,1
65,101,46,70.11,10,3225.06,2
65,105,24,100,13,2812.8,1
65,106,28,100,14,3003,2
65,108,40,41.71,4,1668.4,1
65,109,38,48.59,15,1846.42,1
66,1,36,96.66,1,3479.76,2
66,3,27,100,4,3660.93,2
66,4,20,100,3,4183,2
66,31,21,70.96,9,1490.16,1
66,32,46,61.18,5,2814.28,1
66,57,50,100,2,5747.5,2
66,59,49,100,11,6433.7,2
66,61,29,75.41,6,2186.89,1
66,78,27,73.02,18,1971.54,1
66,82,48,78.25,10,3756,2
66,85,28,100,7,3244.36,2
66,90,31,73.61,12,2281.91,1
66,92,48,51.93,13,2492.64,1
66,97,28,98.65,14,2762.2,1
66,100,31,100,16,3431.39,2
66,103,36,100,8,4527.72,2
66,104,48,96,15,4608,2
66,107,39,82.91,17,3233.49,2
67,7,30,100,2,5019.9,2
67,10,35,100,13,4639.25,2
67,14,36,63.84,3,2298.24,1
67,42,32,70.76,5,2264.32,1
67,44,36,100,4,4444.92,2
67,46,38,68.39,8,2598.82,1
67,53,33,100,7,4910.4,2
67,65,38,74.11,11,2816.18,1
67,73,34,50.21,1,1707.14,1
67,83,24,94.58,6,2269.92,1
67,86,26,39.83,9,1035.58,1
67,91,34,100,12,3920.88,2
67,95,48,80.55,10,3866.4,2
68,12,47,100,4,5464.69,2
68,16,41,100,3,4391.1,2
68,24,20,63.14,2,1262.8,1
68,77,34,100,1,3819.56,2
69,18,35,100,2,4508,2
69,25,35,100,1,4680.2,2
69,40,39,100,3,5481.45,2
69,70,36,35.49,4,1277.64,1
70,21,42,100,6,4965.24,2
70,34,39,100,7,6023.16,2
70,45,48,100,8,5493.12,2
70,55,32,75.69,3,2422.08,1
70,58,34,42.76,5,1453.84,1
70,66,22,74.51,1,1639.22,1
70,72,24,81.33,2,1951.92,1
70,75,22,98.51,4,2167.22,1
71,19,43,100,6,5036.16,2
71,20,48,44.21,5,2122.08,1
71,23,24,100,13,3508.8,2
71,27,26,57.51,12,1495.26,1
71,29,31,100,10,4492.83,2
71,33,22,100,7,3452.68,2
71,36,28,53.72,2,1504.16,1
71,38,31,89.01,1,2759.31,1
71,43,29,95.24,4,2761.96,1
71,49,21,75.46,14,1584.66,1
71,54,39,71.98,15,2807.22,1
71,60,31,31.53,9,977.43,1
71,63,27,41.22,8,1112.94,1
71,69,23,100,16,2728.03,1
71,79,35,33.23,11,1163.05,1
71,81,22,100,3,2571.14,1
72,2,34,100,4,8014.82,3
72,9,43,100,1,6817.22,2
72,17,48,93.34,3,4480.32,2
72,35,46,100,5,5592.22,2
72,52,49,44.78,2,2194.22,1
73,6,33,100,9,5362.83,2
73,15,26,100,1,3543.28,2
73,28,48,100,4,5891.04,2
73,30,41,69.28,7,2840.48,1
73,40,29,100,5,4419.89,2
73,51,47,100,10,5121.59,2
73,64,28,100,6,2969.96,1
73,67,37,31.12,2,1151.44,1
73,84,22,100,8,2436.72,1
73,87,50,63.31,3,3165.5,2
73,89,29,74.98,12,2174.42,1
73,102,42,85.98,11,3611.16,2
74,8,33,100,2,7474.5,3
74,11,47,100,3,8378.69,3
74,13,50,100,1,7872.5,3
74,26,20,100,10,3667.6,2
74,48,36,100,5,5532.12,2
74,56,27,68.78,8,1857.06,1
74,80,29,100,7,2915.66,1
74,88,22,64,6,1408,1
74,93,23,100,9,3114.89,2
74,94,38,64.44,4,2448.72,1
75,39,23,100,9,3675.63,2
75,41,29,100,11,3070.52,2
75,50,35,74.6,8,2611,1
75,62,50,100,7,6083,2
75,71,45,72.58,2,3266.1,2
75,96,24,76,3,1824,1
75,98,31,88.34,10,2738.54,1
75,101,32,76.62,1,2451.84,1
75,105,44,92.16,4,4055.04,2
75,106,24,100,5,2526.48,1
75,109,40,50.23,6,2009.2,1
76,5,24,100,12,3492.48,2
76,22,42,100,4,6490.68,2
76,37,41,81.72,10,3350.52,2
76,47,48,100,9,5386.56,2
76,68,34,80.84,5,2748.56,1
76,74,27,73.64,6,1988.28,1
76,76,21,72.12,11,1514.52,1
76,78,30,72.33,3,2169.9,1
76,99,34,96.86,8,3293.24,2
76,100,22,87.75,1,1930.5,1
76,107,45,76.25,2,3431.25,2
76,108,45,51.15,7,2301.75,1
77,1,29,86.13,9,2497.77,1
77,3,42,100,12,4695.6,2
77,4,41,100,11,8892.9,3
77,10,40,100,8,6747.6,2
77,32,25,64.2,13,1605,1
77,46,21,50.36,3,1057.56,1
77,53,44,100,2,5565.12,2
77,57,48,100,10,5355.36,2
77,61,28,68.55,14,1919.4,1
77,65,35,72.03,6,2521.05,1
77,83,28,71.14,1,1991.92,1
77,86,34,45.46,4,1545.64,1
77,91,22,100,7,2514.6,1
77,95,21,93.56,5,1964.76,1
78,7,27,100,14,5411.07,2
78,12,28,100,12,2860.76,1
78,14,20,81.4,15,1628,1
78,16,36,100,11,4477.32,2
78,18,44,100,6,5418.16,2
78,21,42,100,2,5435.64,2
78,24,22,73.92,10,1626.24,1
78,25,21,100,5,3286.08,2
78,34,27,100,3,3884.76,2
78,40,45,100,7,6324.75,2
78,42,30,82.82,17,2484.6,1
78,44,22,100,16,3395.48,2
78,45,39,100,4,5785.26,2
78,58,34,53.83,1,1830.22,1
78,70,37,42.67,8,1578.79,1
78,73,23,65.52,13,1506.96,1
78,77,25,100,9,3861.75,2
79,19,25,87.33,3,2183.25,1
79,20,32,54.45,2,1742.4,1
79,23,44,100,10,7554.8,3
79,27,38,61.15,9,2323.7,1
79,29,20,100,7,2212,1
79,33,21,100,4,3047.73,2
79,43,33,86.31,1,2848.23,1
79,49,36,100,11,3942.72,2
79,54,44,69.84,12,3072.96,2
79,55,47,74.22,16,3488.34,2
79,60,39,36.84,6,1436.76,1
79,63,31,36.74,5,1138.94,1
79,66,36,73.6,14,2649.6,1
79,69,20,100,13,2395.8,1
79,72,33,94.17,15,3107.61,2
79,75,49,100,17,6244.07,2
79,79,23,42.26,8,971.98,1
80,2,23,100,8,5372.57,2
80,6,28,100,1,3433.36,2
80,9,41,100,5,6163.94,2
80,17,21,96.84,7,2033.64,1
80,35,37,89.15,9,3298.55,2
80,36,39,68.08,11,2655.12,1
80,38,22,100,10,2488.2,1
80,51,21,100,2,2441.04,1
80,52,40,49.3,6,1972,1
80,81,47,100,12,5035.11,2
80,89,49,64.64,4,3167.36,2
80,102,23,86.99,3,2000.77,1
81,15,37,100,6,4516.22,2
81,26,46,100,5,7381.16,3
81,28,46,100,9,5984.14,2
81,30,44,60.16,12,2647.04,1
81,40,28,100,10,4409.72,2
81,56,31,60.11,3,1863.41,1
81,64,24,100,11,3496.32,2
81,67,42,31.82,7,1336.44,1
81,80,49,100,2,5795.72,2
81,84,46,100,13,4607.36,2
81,87,33,62.77,8,2071.41,1
81,88,48,50.95,1,2445.6,1
81,93,45,100,4,4948.2,2
82,8,21,100,13,3883.74,2
82,11,33,100,14,4038.21,2
82,13,43,100,12,7886.2,3
82,39,28,100,9,3442.04,2
82,41,49,80.67,11,3952.83,2
82,48,39,100,16,5096.91,2
82,50,47,77.24,8,3630.28,2
82,62,30,100,7,3170.7,2
82,71,33,74.35,2,2453.55,1
82,94,20,48.62,15,972.4,1
82,96,21,54,3,1134,1
82,98,30,94.4,10,2832,1
82,101,39,57.82,1,2254.98,1
82,105,37,100,4,3891.66,2
82,106,22,79.45,5,1747.9,1
82,109,28,64.43,6,1804.04,1
83,5,26,100,9,3854.24,2
83,22,32,100,1,6004.8,2
83,37,32,89.46,7,2862.72,1
83,47,46,100,6,4918.78,2
83,68,22,69.2,2,1522.4,1
83,74,21,69.04,3,1449.84,1
83,76,36,85.54,8,3079.44,2
83,99,24,99.57,5,2389.68,1
83,108,28,52.14,4,1459.92,1
84,1,48,100,1,5512.32,2
84,3,38,96.34,4,3660.92,2
84,4,45,100,3,8714.7,3
84,32,32,65.42,5,2093.44,1
84,57,25,100,2,2535.75,1
84,61,40,91.4,6,3656,2
84,85,44,98.89,7,4351.16,2
84,103,29,100,8,3957.05,2
85,10,28,100,1,4512.48,2
86,65,42,76.19,3,3199.98,2
86,86,46,32.99,1,1517.54,1
86,91,42,85.72,4,3600.24,2
86,95,40,66.72,2,2668.8,1
87,7,21,100,3,3840.9,2
87,12,40,100,1,5590,2
87,14,30,64.64,4,1939.2,1
87,42,36,94.88,6,3415.68,2
87,44,23,100,5,3414.58,2
87,46,43,72.74,9,3127.82,2
87,53,32,100,8,4237.76,2
87,73,48,60.01,2,2880.48,1
87,83,44,66.29,7,2916.76,1
88,16,27,100,16,3544.56,2
88,18,22,100,11,3300.66,2
88,21,29,100,7,4258.36,2
88,24,45,90.86,15,4088.7,2
88,25,47,100,10,7421.3,3
88,34,38,100,8,4965.84,2
88,40,26,100,12,3918.46,2
88,45,45,100,9,5340.6,2
88,55,37,69.82,4,2583.34,1
88,58,47,53.83,6,2530.01,1
88,66,46,83.6,2,3845.6,2
88,69,23,100,1,3052.33,2
88,70,30,30.59,13,917.7,1
88,72,32,72.77,3,2328.64,1
88,75,46,100,5,5566,2
88,77,45,100,14,6319.35,2
89,19,28,100,7,3106.88,2
89,20,46,53.37,6,2455.02,1
89,23,21,100,14,3141.6,2
89,27,42,59.33,13,2491.86,1
89,29,44,100,11,4642.88,2
89,33,22,100,8,3675.32,2
89,35,28,93.21,1,2609.88,1
89,36,24,51.84,3,1244.16,1
89,38,23,100,2,2769.89,1
89,43,32,79.37,5,2539.84,1
89,49,24,97.55,15,2341.2,1
89,54,25,76.26,16,1906.5,1
89,60,26,29.21,10,759.46,1
89,63,20,50.62,9,1012.4,1
89,79,22,41.03,12,902.66,1
89,81,20,100,4,2279,1
90,2,42,100,11,7290.36,3
90,6,26,100,4,4263.74,2
90,9,38,100,8,4933.92,2
90,17,21,93.34,10,1960.14,1
90,30,45,70.49,2,3172.05,2
90,51,32,100,5,4262.08,2
90,52,41,44.78,9,1835.98,1
90,64,49,100,1,5760.93,2
90,84,37,97.27,3,3598.99,2
90,89,39,54.94,7,2142.66,1
90,102,26,89.01,6,2314.26,1
91,15,49,100,6,6445.46,2
91,26,27,100,5,5128.11,2
91,28,35,100,9,3608.15,2
91,40,50,100,10,7620.5,3
91,56,44,66.47,3,2924.68,1
91,67,32,28.29,7,905.28,1
91,80,34,100,2,3699.88,2
91,87,32,43.29,8,1385.28,1
91,88,33,54.68,1,1804.44,1
91,93,49,100,4,5161.17,2
92,8,47,100,5,8887.7,3
92,11,24,100,6,3807.12,2
92,13,38,100,4,7232.16,3
92,39,49,100,1,6893.81,2
92,41,35,100,3,3564.75,2
92,48,27,100,8,4537.08,2
92,94,46,62.09,7,2856.14,1
92,98,50,94.4,2,4720,2
93,5,45,100,6,5324.4,2
93,37,46,87.74,4,4036.04,2
93,47,22,100,3,2538.8,1
93,50,50,100,14,5090.5,2
93,62,41,100,13,4534.6,2
93,71,47,83.2,8,3910.4,2
93,76,22,86.38,5,1900.36,1
93,96,23,64.67,9,1487.41,1
93,99,24,90.52,2,2172.48,1
93,101,50,78.79,7,3939.5,2
93,105,27,92.16,10,2488.32,1
93,106,35,93.35,11,3267.25,2
93,108,29,41.71,1,1209.59,1
93,109,42,50.23,12,2109.66,1
94,22,42,100,4,7483.98,3
94,68,48,67.82,5,3255.36,2
94,74,27,71.67,6,1935.09,1
94,78,43,66.19,3,2846.17,1
94,100,42,100,1,4774.56,2
94,107,40,63.67,2,2546.8,1
95,92,29,38.4,1,1113.6,1
95,97,48,83.12,2,3989.76,2
95,104,38,82.4,3,3131.2,2
96,1,22,98.57,2,2168.54,1
96,3,24,100,5,3025.92,2
96,4,49,100,4,8065.89,3
96,10,25,100,1,4029,2
96,32,30,64.81,6,1944.3,1
96,57,39,100,3,4351.23,2
96,61,25,73.88,7,1847,1
97,7,20,100,8,3930.4,2
97,12,20,100,6,2254.8,1
97,14,44,82.99,9,3651.56,2
97,16,47,100,5,5195.85,2
97,24,45,85.47,4,3846.15,2
97,40,48,100,1,8291.04,3
97,42,33,86.04,11,2839.32,1
97,44,32,100,10,5127.04,2
97,70,21,37,2,777,1
97,73,34,64.9,7,2206.6,1
97,77,47,100,3,6996.42,2
98,18,42,100,17,6182.4,2
98,21,40,100,13,4032,2
98,23,33,100,4,5890.5,2
98,25,38,100,16,6432.64,2
98,27,23,71.44,3,1643.12,1
98,29,26,100,1,3206.32,2
98,34,27,100,14,4169.88,2
98,45,35,100,15,5735.8,2
98,49,29,85.59,5,2482.11,1
98,54,45,76.26,6,3431.7,2
98,55,20,62.47,10,1249.4,1
98,58,45,49.81,12,2241.45,1
98,66,47,96.32,8,4527.04,2
98,69,42,100,7,4242,2
98,72,40,79.62,9,3184.8,2
98,75,48,91.02,11,4368.96,2
98,79,39,33.23,2,1295.97,1
99,19,36,100,2,3735.72,2
99,20,48,63.61,1,3053.28,2
99,33,40,100,3,7492.4,3
99,60,32,37.17,5,1189.44,1
99,63,24,38.08,4,913.92,1
100,2,47,100,6,9064.89,3
100,9,28,100,3,4056.36,2
100,17,34,100,5,3966.78,2
100,35,37,90.17,7,3336.29,2
100,36,28,67.46,9,1888.88,1
100,38,30,100,8,3581.4,2
100,43,28,87.3,11,2444.4,1
100,52,21,53.33,4,1119.93,1
100,81,33,97.39,10,3213.87,2
100,89,36,58.82,2,2117.52,1
100,102,33,100,1,3871.89,2
101,6,31,100,15,4076.19,2
101,15,34,99.54,7,3384.36,2
101,26,44,100,6,7060.24,3
101,28,43,100,10,5752.54,2
101,30,37,69.89,13,2585.93,1
101,40,25,100,11,3937.25,2
101,48,40,100,1,6146.8,2
101,51,47,100,16,6658.02,2
101,56,49,46.82,4,2294.18,1
101,64,46,100,12,6819.04,2
101,67,42,29.7,8,1247.4,1
101,80,28,100,3,2980.6,1
101,84,49,80.9,14,3964.1,2
101,87,27,60.06,9,1621.62,1
101,88,45,56.55,2,2544.75,1
101,93,28,94.92,5,2657.76,1
102,8,46,100,13,8602.92,3
102,11,26,100,14,3142.36,2
102,13,20,100,12,3114.4,2
102,39,24,100,9,2622.48,1
102,41,48,100,11,5614.56,2
102,50,45,87.77,8,3949.65,2
102,62,35,100,7,4301.15,2
102,71,20,89.4,2,1788,1
102,94,30,65.61,15,1968.3,1
102,96,38,74.67,3,2837.46,1
102,98,40,80.55,10,3222,2
102,101,46,74.45,1,3424.7,2
102,105,37,100,4,4447.4,2
102,106,33,85.41,5,2818.53,1
102,109,42,63.88,6,2682.96,1
103,5,39,100,8,5197.92,2
103,37,28,100,6,2817.92,1
103,47,20,100,5,2498.6,1
103,68,43,82.21,1,3535.03,2
103,74,36,77.59,2,2793.24,1
103,76,22,89.73,7,1974.06,1
103,99,33,88.71,4,2927.43,1
103,108,48,44.69,3,2145.12,1
104,3,23,100,2,3009.09,2
104,4,34,100,1,6123.4,2
104,22,31,100,17,5719.5,2
104,31,50,76.88,7,3844,2
104,32,40,49.67,3,1986.8,1
104,59,27,98.48,9,2658.96,1
104,61,30,61.7,4,1851,1
104,78,29,69.6,16,2018.4,1
104,82,40,71,8,2840,1
104,85,46,79.91,5,3675.86,2
104,90,39,59.16,10,2307.24,1
104,92,43,41.02,11,1763.86,1
104,97,21,78.55,12,1649.55,1
104,100,26,99.72,14,2592.72,1
104,103,25,100,6,2818,1
104,104,31,86.4,13,2678.4,1
104,107,42,70.33,15,2953.86,1
105,1,41,100,14,4708.44,2
105,7,41,100,2,7498.9,3
105,10,36,100,13,4771.8,2
105,14,28,92.57,3,2591.96,1
105,42,35,78,5,2730,1
105,44,28,100,4,3745.28,2
105,46,46,54.09,8,2488.14,1
105,53,41,100,7,5673.58,2
105,57,25,90.16,15,2254,1
105,65,21,63.72,11,1338.12,1
105,73,48,48.98,1,2351.04,1
105,83,22,92.16,6,2027.52,1
105,86,41,42.24,9,1731.84,1
105,91,37,100,12,4040.03,2
105,95,40,80.55,10,3222,2
106,12,39,100,16,4946.76,2
106,16,33,100,15,4180.44,2
106,18,29,100,10,4186.73,2
106,21,38,100,6,4492.36,2
106,24,20,66.99,14,1339.8,1
106,25,41,100,9,4840.87,2
106,34,40,100,7,4910.4,2
106,40,40,100,11,5554.4,2
106,45,45,100,8,6357.6,2
106,55,41,82.31,3,3374.71,2
106,58,45,53.33,5,2399.85,1
106,66,45,88.14,1,3966.3,2
106,70,34,43.42,12,1476.28,1
106,72,27,79.62,2,2149.74,1
106,75,46,87.81,4,4039.26,2
106,77,49,100,13,6949.67,2
107,49,38,94.79,1,3602.02,2
107,54,25,83.39,2,2084.75,1
107,69,27,100,3,2790.45,1
108,23,30,100,7,5967,2
108,27,21,62.96,6,1322.16,1
108,29,27,100,4,3604.23,2
108,33,50,100,1,9534.5,3
108,60,20,34.19,3,683.8,1
108,63,49,47.94,2,2349.06,1
108,79,44,34.88,5,1534.72,1
109,2,35,100,3,6075.3,2
109,17,46,100,2,5152,2
109,19,27,89.38,10,2413.26,1
109,20,33,43.13,9,1423.29,1
109,35,49,100,4,5510.05,2
109,36,31,58.71,6,1820.01,1
109,38,49,100,5,5285.14,2
109,43,41,100,8,4555.92,2
109,52,46,45.28,1,2082.88,1
109,81,39,90.57,7,3532.23,2
110,9,43,100,1,5759.42,2
111,6,48,100,4,7020.48,3
111,30,35,61.38,2,2148.3,1
111,51,38,100,5,4509.08,2
111,64,28,100,1,3148.88,2
111,84,21,100,3,2244.9,1
111,89,39,62.05,7,2419.95,1
111,102,31,88,6,2728,1
112,15,48,100,2,4891.68,2
112,26,43,100,1,8448.64,3
112,67,21,40.31,3,846.51,1
112,87,35,55.19,4,1931.65,1
113,8,32,100,2,7181.44,3
113,11,30,100,3,4713.6,2
113,13,27,100,1,5045.22,2
113,48,50,100,5,8258,3
113,56,26,56.07,8,1457.82,1
113,80,37,100,7,5032.74,2
113,88,20,52.82,6,1056.4,1
113,93,37,100,9,3983.05,2
113,94,30,68.54,4,2056.2,1
114,39,33,100,3,4417.38,2
114,41,23,80.67,5,1855.41,1
114,50,39,89.53,2,3491.67,2
114,62,49,100,1,6804.63,2
114,98,23,97,4,2231,1
115,5,49,100,12,5997.6,2
115,22,49,100,4,6954.08,2
115,37,49,94.62,10,4636.38,2
115,47,45,85.75,9,3858.75,2
115,68,32,81.53,5,2608.96,1
115,71,47,70.81,14,3328.07,2
115,74,43,70.35,6,3025.05,2
115,76,46,80.51,11,3703.46,2
115,78,48,56.64,3,2718.72,1
115,96,31,62.67,15,1942.77,1
115,99,26,100,8,2659.54,1
115,100,37,87.75,1,3246.75,2
115,101,36,80.95,13,2914.2,1
115,105,38,100,16,4187.22,2
115,106,31,95.34,17,2955.54,1
115,107,43,74.03,2,3183.29,2
115,108,31,45.69,7,1416.39,1
115,109,36,63.34,18,2280.24,1
116,1,37,100,1,3965.66,2
116,3,47,100,4,5422.39,2
116,4,49,100,3,9774.03,3
116,31,47,100,9,4724.91,2
116,32,28,60.57,5,1695.96,1
116,57,32,91.29,2,2921.28,1
116,59,34,100,11,3608.76,2
116,61,38,69.31,6,2633.78,1
116,82,23,74.62,10,1716.26,1
116,85,21,100,7,2475.27,1
116,90,20,66.04,12,1320.8,1
116,92,41,46.26,13,1896.66,1
116,97,25,100,14,2534.75,1
116,103,29,100,8,3199.86,2
116,104,26,67.2,15,1747.2,1
117,10,43,100,6,6087.94,2
117,46,38,58.44,1,2220.72,1
117,65,37,80.34,4,2972.58,1
117,86,43,39.43,2,1695.49,1
117,91,30,100,5,3336.9,2
117,95,50,77.29,3,3864.5,2
118,7,27,100,9,4517.91,2
118,12,25,99.82,7,2495.5,1
118,14,37,77.41,10,2864.17,1
118,16,21,100,6,2684.43,1
118,18,32,100,1,4529.28,2
118,24,47,64.68,5,3039.96,2
118,40,43,100,2,6407.86,2
118,42,37,95.69,12,3540.53,2
118,44,27,100,11,4564.08,2
118,53,35,100,14,5260.15,2
118,70,42,36.63,3,1538.46,1
118,73,24,50.21,8,1205.04,1
118,77,40,100,4,4550,2
118,83,46,70.33,13,3235.18,2
119,21,38,100,4,4161.38,2
119,25,24,100,7,3892.08,2
119,34,24,100,5,3231.36,2
119,45,46,100,6,7343.9,3
119,55,21,60.26,1,1265.46,1
119,58,36,43.27,3,1557.72,1
119,75,48,92.09,2,4420.32,2
120,19,25,100,3,2953.75,1
120,20,31,48.52,2,1504.12,1
120,23,26,100,10,3712.8,2
120,27,28,50.85,9,1423.8,1
120,29,46,100,7,7017.76,3
120,33,29,100,4,5579.02,2
120,43,33,100,1,3666.96,2
120,49,34,100,11,3566.94,2
120,54,37,57.73,12,2136.01,1
120,60,42,29.21,6,1226.82,1
120,63,24,48.38,5,1161.12,1
120,66,47,88.14,14,4142.58,2
120,69,33,100,13,4340.49,2
120,72,40,79.62,15,3184.8,2
120,79,27,43.9,8,1185.3,1
121,2,29,100,2,6463.23,2
121,17,32,100,1,3360,2
121,35,24,100,3,2504.4,1
121,36,45,63.71,5,2866.95,1
121,38,31,100,4,3181.53,2
121,81,33,100,6,3406.59,2
122,6,50,100,9,6426.5,2
122,9,25,100,13,3451,2
122,15,36,100,1,4521.96,2
122,28,26,100,4,3765.32,2
122,30,28,59.55,7,1667.4,1
122,40,22,100,5,4172.52,2
122,51,41,100,10,4716.23,2
122,52,39,40.25,14,1569.75,1
122,64,48,100,6,5704.32,2
122,67,33,32.88,2,1085.04,1
122,84,25,100,8,2793,1
122,87,23,54.11,3,1244.53,1
122,89,30,73.04,12,2191.2,1
122,102,50,100,11,5614,2
123,11,43,100,1,7016.31,3
123,26,49,100,8,7300.51,3
123,48,42,100,3,7238.28,3
123,56,36,54.33,6,1955.88,1
123,80,45,100,5,4737.15,2
123,88,46,60.9,4,2801.4,1
123,93,34,100,7,3974.94,2
123,94,43,52.14,2,2242.02,1
124,8,42,100,2,8378.58,3
124,13,49,100,1,6952.12,2
125,39,22,100,6,3606.02,2
125,41,48,95.8,8,4598.4,2
125,50,23,89.53,5,2059.19,1
125,62,46,100,4,5652.94,2
125,98,26,88.34,7,2296.84,1
125,105,48,96.16,1,4615.68,2
125,106,35,82.43,2,2885.05,1
125,109,24,49.69,3,1192.56,1
126,71,40,94.71,2,3788.4,2
126,96,36,70.67,3,2544.12,1
126,101,29,82.4,1,2389.6,1
127,31,24,76.03,3,1824.72,1
127,59,23,96.29,5,2214.67,1
127,78,33,60.05,12,1981.65,1
127,82,40,81.14,4,3245.6,2
127,85,41,100,1,4177.49,2
127,90,34,77.73,6,2642.82,1
127,92,41,35.35,7,1449.35,1
127,97,25,100,8,2580.25,1
127,100,38,88.75,10,3372.5,2
127,103,25,96.11,2,2402.75,1
127,104,32,92,9,2944,1
127,107,34,72.55,11,2466.7,1
128,3,22,100,1,2852.08,1
128,32,23,55.72,2,1281.56,1
128,61,36,87.6,3,3153.6,2
129,1,23,100,7,2333.12,1
129,4,39,100,9,7023.9,3
129,10,32,100,6,4193.28,2
129,46,26,52.22,1,1357.72,1
129,57,20,100,8,2299,1
129,65,26,79.65,4,2070.9,1
129,86,26,40.23,2,1045.98,1
129,91,27,100,5,3113.64,2
129,95,20,68.34,3,1366.8,1
130,7,28,100,3,5774.72,2
130,12,29,100,1,3167.38,2
130,14,20,74.21,4,1484.2,1
130,42,41,73.17,6,2999.97,1
130,44,49,100,5,6554.24,2
130,53,44,100,8,6350.96,2
130,73,47,62.45,2,2935.15,1
130,83,22,93.77,7,2062.94,1
131,16,21,93.28,5,1958.88,1
131,24,46,73.92,4,3400.32,2
131,40,47,100,1,7083.37,3
131,70,20,44.56,2,891.2,1
131,77,29,100,3,4479.63,2
132,18,41,100,3,5628.89,2
132,25,37,100,2,5526.32,2
132,45,37,100,1,5959.22,2
133,21,21,100,11,2508.66,1
133,23,41,100,2,7597.3,3
133,27,33,72.65,1,2397.45,1
133,34,44,100,12,6853.44,2
133,49,42,90.19,3,3787.98,2
133,54,30,66.99,4,2009.7,1
133,55,22,76.43,8,1681.46,1
133,58,21,40.25,10,845.25,1
133,66,47,94.5,6,4441.5,2
133,69,28,98.65,5,2762.2,1
133,72,26,81.33,7,2114.58,1
133,75,27,86.73,9,2341.71,1
134,79,46,36.93,1,1698.78,1
135,29,47,100,2,6154.18,2
135,60,33,29.54,1,974.82,1
136,19,40,100,7,4684.8,2
136,20,20,58.22,6,1164.4,1
136,33,43,100,8,5950.34,2
136,35,30,100,1,3525.6,2
136,36,24,58.09,3,1394.16,1
136,38,29,100,2,3340.51,2
136,43,36,84.33,5,3035.88,2
136,63,39,45.25,9,1764.75,1
136,81,40,86.68,4,3467.2,2
137,2,34,100,9,6120.34,2
137,6,28,100,2,4591.72,2
137,9,38,100,6,5920.4,2
137,17,29,100,8,3451,2
137,51,21,100,3,2390.22,1
137,52,45,59.87,7,2694.15,1
137,84,37,100,1,4133.64,2
137,89,44,69.16,5,3043.04,2
137,102,44,100,4,4628.8,2
138,15,46,100,5,5069.66,2
138,26,40,100,4,6549.2,2
138,28,22,98.18,8,2159.96,1
138,30,30,61.99,11,1859.7,1
138,40,36,100,9,7132.68,3
138,56,44,52.6,2,2314.4,1
138,64,29,100,10,3520.6,2
138,67,49,36.07,6,1767.43,1
138,80,46,100,1,6311.2,2
138,87,35,48.7,7,1704.5,1
138,93,22,100,3,2928.42,1
139,8,44,100,2,10606.2,3
139,11,25,100,3,4381.25,2
139,13,27,100,1,4157.73,2
139,48,48,100,5,6756,2
139,88,40,49.71,6,1988.4,1
139,94,49,63.85,4,3128.65,2
140,5,20,100,3,2910.4,1
140,37,21,73.98,1,1553.58,1
140,39,32,100,12,3802.56,2
140,41,42,100,14,5082.42,2
140,50,42,75.48,11,3170.16,2
140,62,48,100,10,6960.48,2
140,71,30,100,5,3053.7,2
140,76,23,76.31,2,1755.13,1
140,96,36,71.34,6,2568.24,1
140,98,40,100,13,4157.2,2
140,101,32,75.89,4,2428.48,1
140,105,30,100,7,3245.4,2
140,106,35,90.37,8,3162.95,2
140,109,23,65.52,9,1506.96,1
141,47,46,100,5,5600.5,2
141,68,20,67.82,1,1356.4,1
141,74,25,69.7,2,1742.5,1
141,99,40,95.95,4,3838,2
141,108,32,57.61,3,1843.52,1
142,22,45,100,14,8160.3,3
142,31,27,98.84,4,2668.68,1
142,59,31,88.63,6,2747.53,1
142,61,32,87.6,1,2803.2,1
142,78,40,75.06,13,3002.4,2
142,82,37,74.62,5,2760.94,1
142,85,31,100,2,3282.28,2
142,90,50,61.22,7,3061,2
142,92,36,51.93,8,1869.48,1
142,97,31,91.34,9,2831.54,1
142,100,35,100,11,3909.15,2
142,103,44,100,3,6055.72,2
142,104,44,67.2,10,2956.8,1
142,107,38,62.19,12,2363.22,1
143,1,28,100,2,3188.64,2
143,3,44,100,5,5756.52,2
143,4,43,100,4,7078.23,3
143,10,46,100,1,7552.28,3
143,32,29,61.18,6,1774.22,1
143,57,26,100,3,2637.18,1
144,42,20,76.39,2,1527.8,1
144,44,41,100,1,6749.83,2
144,46,31,52.84,5,1638.04,1
144,53,26,100,4,3559.4,2
144,65,47,65.8,8,3092.6,2
144,83,38,87.31,3,3317.78,2
144,86,36,48.28,6,1738.08,1
144,91,25,100,9,2832,1
144,95,48,72.41,7,3475.68,2
145,7,24,100,13,3922.56,2
145,12,22,100,11,2402.84,1
145,14,25,90.17,14,2254.25,1
145,16,41,100,10,4910.57,2
145,18,26,100,5,3054.48,2
145,21,24,100,1,3374.88,2
145,24,23,83.93,9,1930.39,1
145,25,33,100,4,4459.62,2
145,34,37,100,2,5177.04,2
145,40,40,100,6,6773.6,2
145,45,31,100,3,4029.38,2
145,70,40,42.67,7,1706.8,1
145,73,24,52.66,12,1263.84,1
145,77,39,100,8,5148,2
146,33,24,100,1,3726,2
146,63,37,45.7,2,1690.9,1
147,19,34,95.55,2,3248.7,2
147,20,29,51.75,1,1500.75,1
148,35,50,88.14,1,4407,2
148,36,49,53.72,3,2632.28,1
148,38,37,84.82,2,3138.34,2
148,43,26,89.29,5,2321.54,1
148,81,46,78.89,4,3628.94,2
149,2,32,100,6,7680.64,3
149,9,41,100,3,6668.24,2
149,17,41,100,5,5453,2
149,52,21,59.87,4,1257.27,1
149,89,20,61.41,2,1228.2,1
149,102,45,80.92,1,3641.4,2
150,6,26,100,12,4033.38,2
150,15,46,100,4,6541.2,2
150,26,30,100,3,5697.9,2
150,28,34,99.41,7,3379.94,2
150,30,30,49.22,10,1476.6,1
150,40,27,100,8,3657.69,2
150,51,41,100,13,4666.62,2
150,56,28,46.82,1,1310.96,1
150,64,47,100,9,5285.62,2
150,67,31,33.24,5,1030.44,1
150,84,45,86.68,11,3900.6,2
150,87,40,43.83,6,1753.2,1
150,93,29,100,2,3054.57,2
151,5,27,100,1,3378.24,2
151,50,20,89.53,9,1790.6,1
151,62,36,100,8,4512.6,2
151,71,22,91.17,3,2005.74,1
151,96,34,62,4,2108,1
151,101,44,68.67,2,3021.48,2
151,105,25,88.15,5,2203.75,1
151,106,50,81.43,6,4071.5,2
151,109,29,50.78,7,1472.62,1
152,22,49,100,9,6567.96,2
152,37,32,84.3,15,2697.6,1
152,47,34,100,14,4103.46,2
152,59,34,97.38,1,3310.92,2
152,68,24,67.14,10,1611.36,1
152,74,46,70.35,11,3236.1,2
152,76,49,87.21,16,4273.29,2
152,78,48,61.42,8,2948.16,1
152,90,40,79.11,2,3164.4,2
152,92,49,37.97,3,1860.53,1
152,97,40,84.03,4,3361.2,2
152,99,44,94.14,13,4142.16,2
152,100,33,90.75,6,2994.75,1
152,104,27,76,5,2052,1
152,107,35,71.07,7,2487.45,1
152,108,21,57.11,12,1199.31,1
153,1,34,100,2,3676.76,2
153,3,40,100,5,4472,2
153,4,41,100,4,8336.94,3
153,10,48,100,1,6434.4,2
153,31,33,86.17,10,2843.61,1
153,32,34,58.75,6,1997.5,1
153,57,42,100,3,4307.52,2
153,61,37,62.46,7,2311.02,1
153,82,24,75.35,11,1808.4,1
153,85,31,79.91,8,2477.21,1
153,103,47,100,9,5465.16,2
154,46,48,54.71,3,2626.08,1
154,53,20,100,2,2410.6,1
154,65,37,65.1,6,2408.7,1
154,83,47,83.27,1,3913.69,2
154,86,20,32.59,4,651.8,1
154,91,34,97.97,7,3330.98,2
154,95,47,89.5,5,4206.5,2
155,42,45,86.84,2,3907.8,2
155,44,49,100,1,8427.02,3
156,7,44,100,14,9160.36,3
156,12,22,100,12,2454.54,1
156,14,35,76.61,15,2681.35,1
156,16,40,100,11,4468.4,2
156,18,21,100,6,2526.51,1
156,21,36,100,2,5196.6,2
156,24,33,74.69,10,2464.77,1
156,25,49,100,5,6203.4,2
156,34,20,100,3,2824.8,1
156,40,29,100,7,4812.55,2
156,45,33,100,4,5035.14,2
156,58,28,48.3,1,1352.4,1
156,70,34,40.4,8,1373.6,1
156,73,47,62.45,13,2935.15,1
156,77,24,100,9,2932.08,1
157,54,36,75.55,1,2719.8,1
157,55,40,80.1,5,3204,2
157,66,38,87.24,3,3315.12,2
157,69,43,100,2,4645.72,2
157,72,44,96.74,4,4256.56,2
157,75,43,100,6,5110.98,2
158,36,32,63.08,1,2018.56,1
158,81,48,97.39,2,4674.72,2
159,2,21,100,9,4905.39,2
159,6,32,100,2,4302.08,2
159,9,28,100,6,4094.72,2
159,17,43,96.84,8,4164.12,2
159,35,31,96.24,10,2983.44,1
159,38,38,100,11,4775.08,2
159,51,38,100,3,5383.08,2
159,52,44,58.36,7,2567.84,1
159,84,32,85.72,1,2743.04,1
159,89,21,63.35,5,1330.35,1
159,102,46,88,4,4048,2
160,15,31,97.17,5,3012.27,2
160,26,50,100,4,9169,3
160,28,50,100,8,5093.5,2
160,30,25,69.28,11,1732,1
160,40,20,100,9,3928.6,2
160,56,45,64.74,2,2913.3,1
160,64,43,100,10,5605.05,2
160,67,38,41.72,6,1585.36,1
160,80,22,100,1,3070.54,2
160,87,35,47.62,7,1666.7,1
160,93,34,98.39,3,3345.26,2
161,8,35,100,2,5818.4,2
161,11,27,100,3,4283.01,2
161,13,39,100,1,7962.24,3
161,48,25,100,5,3734,2
161,88,45,64.63,6,2908.35,1
161,94,43,56.82,4,2443.26,1
162,5,30,100,4,3508.8,2
162,37,34,98.06,2,3334.04,2
162,39,40,100,13,5026.4,2
162,41,47,100,15,5450.59,2
162,47,50,85.75,1,4287.5,2
162,50,33,71.09,12,2345.97,1
162,62,22,100,11,2784.76,1
162,71,27,100,6,2796.12,1
162,76,48,83.02,3,3984.96,2
162,96,21,65.34,7,1372.14,1
162,98,21,100,14,2146.2,1
162,101,42,62.16,5,2610.72,1
162,105,40,86.15,8,3446,2
162,106,26,100,9,2969.46,1
162,109,37,45.86,10,1696.82,1
163,22,41,100,1,6724,2
163,68,40,65.08,2,2603.2,1
163,74,24,72.33,3,1735.92,1
163,99,24,90.52,5,2172.48,1
163,108,32,58.6,4,1875.2,1
164,1,45,92.83,1,4177.35,2
164,3,22,100,4,2904.44,1
164,4,36,100,3,6901.92,2
164,31,35,90.39,9,3163.65,2
164,32,37,63.6,5,2353.2,1
164,57,21,100,2,2153.76,1
164,59,25,95.2,11,2380,1
164,61,30,79.98,6,2399.4,1
164,78,41,81.89,18,3357.49,2
164,82,27,62.31,10,1682.37,1
164,85,23,81.91,7,1883.93,1
164,90,28,63.97,12,1791.16,1
164,92,38,45.39,13,1724.82,1
164,97,32,89.51,14,2864.32,1
164,100,39,100,16,4472.52,2
164,103,48,100,8,6378.72,2
164,104,43,73.6,15,3164.8,2
164,107,31,72.55,17,2249.05,1
165,7,50,100,3,9631,3
165,10,43,100,14,5181.5,2
165,12,47,100,1,5464.69,2
165,14,38,83.79,4,3184.02,2
165,42,38,69.96,6,2658.48,1
165,44,30,100,5,3924.6,2
165,46,33,50.36,9,1661.88,1
165,53,48,100,8,5713.92,2
165,65,46,75.49,12,3472.54,2
165,73,20,61.23,2,1224.6,1
165,83,48,75.18,7,3608.64,2
165,86,27,36.61,10,988.47,1
165,91,38,100,13,4304.64,2
165,95,21,70.78,11,1486.38,1
166,16,28,100,1,3127.88,2
167,18,34,100,6,4667.86,2
167,21,23,100,2,2604.52,1
167,24,29,90.86,10,2634.94,1
167,25,29,100,5,3754.05,2
167,34,39,100,3,4324.32,2
167,40,42,100,7,6401.22,2
167,45,31,100,4,4116.8,2
167,58,35,45.28,1,1584.8,1
167,70,31,38.89,8,1205.59,1
167,77,25,100,9,3159.75,2
168,54,26,60.58,1,1575.08,1
168,55,32,74.96,5,2398.72,1
168,66,49,79.97,3,3918.53,2
168,69,48,100,2,5580.96,2
168,72,33,71.06,4,2344.98,1
168,75,48,100,6,6168,2
169,2,34,100,2,8014.82,3
169,17,24,100,1,2800.08,1
169,19,50,100,9,5239.5,2
169,20,27,57.68,8,1557.36,1
169,23,26,100,16,3668.6,2
169,27,25,62.96,15,1574,1
169,29,37,100,13,4750.8,2
169,33,22,100,10,4455,2
169,35,46,100,3,5126.24,2
169,36,43,68.71,5,2954.53,1
169,38,29,100,4,3006.43,2
169,43,34,100,7,3474.46,2
169,49,35,100,17,3704.05,2
169,60,20,28.88,12,577.6,1
169,63,45,47.49,11,2137.05,1
169,79,33,41.85,14,1381.05,1
169,81,21,78.89,6,1656.69,1
170,6,44,100,9,7020.64,3
170,9,25,100,13,2938.5,1
170,15,41,100,1,5247.18,2
170,28,48,100,4,5773.44,2
170,30,29,57.73,7,1674.17,1
170,40,25,100,5,4191.25,2
170,51,25,99.29,10,2482.25,1
170,52,44,59.87,14,2634.28,1
170,64,25,100,6,2779.5,1
170,67,20,40.66,2,813.2,1
170,84,29,82.83,8,2402.07,1
170,87,31,55.19,3,1710.89,1
170,89,36,77.57,12,2792.52,1
170,102,27,85.98,11,2321.46,1
171,8,41,100,5,7071.27,3
171,11,27,100,6,4364.82,2
171,13,24,100,4,3778.8,2
171,26,23,100,13,3238.63,2
171,39,43,100,1,6695.53,2
171,41,36,100,3,4174.92,2
171,48,31,100,8,4674.8,2
171,56,29,46.82,11,1357.78,1
171,80,39,100,10,4797.39,2
171,88,36,59.65,9,2147.4,1
171,93,38,100,12,4310.72,2
171,94,37,66.78,7,2470.86,1
171,98,43,86.61,2,3724.23,2
172,5,25,100,6,2992,1
172,37,21,98.06,4,2059.26,1
172,47,46,100,3,5795.54,2
172,50,34,100,14,3580.88,2
172,62,42,100,13,5316.36,2
172,71,34,92.94,8,3159.96,2
172,76,33,72.96,5,2407.68,1
172,96,45,78.67,9,3540.15,2
172,99,20,94.14,2,1882.8,1
172,101,47,65.77,7,3091.19,2
172,105,22,88.15,10,1939.3,1
172,106,38,89.38,11,3396.44,2
172,108,43,57.61,1,2477.23,1
172,109,33,51.32,12,1693.56,1
173,22,45,100,11,5747.85,2
173,31,31,71.81,1,2226.11,1
173,59,22,100,3,2310.88,1
173,68,30,73.99,12,2219.7,1
173,74,39,71.67,13,2795.13,1
173,78,21,55.96,10,1175.16,1
173,82,21,71,2,1491,1
173,90,50,81.86,4,4093,2
173,92,33,51.93,5,1713.69,1
173,97,24,83.12,6,1994.88,1
173,100,45,100,8,4576.95,2
173,104,25,69.6,7,1740,1
173,107,32,64.41,9,2061.12,1
174,1,36,100,6,4099.68,2
174,3,47,100,9,6484.59,2
174,4,27,100,8,5438.07,2
174,10,49,100,5,6863.92,2
174,32,20,49.06,10,981.2,1
174,57,34,100,7,3716.88,2
174,61,39,70.08,11,2733.12,1
174,65,38,59.56,3,2263.28,1
174,85,37,98.89,12,3658.93,2
174,86,37,41.03,1,1518.11,1
174,91,26,100,4,2600.26,1
174,95,39,78.92,2,3077.88,2
174,103,45,100,13,5392.8,2
175,46,38,57.2,1,2173.6,1
176,7,21,100,12,3432.24,2
176,12,45,100,10,4756.5,2
176,14,41,69.43,13,2846.63,1
176,16,23,100,9,2675.13,1
176,18,41,100,4,6499.32,2
176,24,44,82.39,8,3625.16,2
176,25,24,100,3,3516.48,2
176,34,44,100,1,5052.96,2
176,40,36,100,5,5852.52,2
176,42,43,70.76,15,3042.68,2
176,44,40,100,14,6761.6,2
176,45,27,100,2,4310.55,2
176,53,34,100,17,4300.32,2
176,70,36,39.65,6,1427.4,1
176,73,20,67.97,11,1359.4,1
176,77,36,100,7,4297.32,2
176,83,40,88.12,16,3524.8,2
177,21,20,100,14,2936.8,1
177,23,32,100,5,5875.2,2
177,27,28,61.75,4,1729,1
177,29,31,100,2,3822.92,2
177,49,35,80.99,6,2834.65,1
177,54,23,73.41,7,1688.43,1
177,55,36,66.14,11,2381.04,1
177,58,50,52.32,13,2616,1
177,60,29,38.17,1,1106.93,1
177,66,35,80.87,9,2830.45,1
177,69,48,100,8,6539.04,2
177,72,34,68.49,10,2328.66,1
177,75,41,100,12,4873.26,2
177,79,33,40.62,3,1340.46,1
178,19,38,100,2,4567.98,2
178,20,24,56.07,1,1345.68,1
178,33,43,100,3,8272.34,3
178,63,45,48.38,4,2177.1,1
179,43,26,96.23,2,2501.98,1
179,81,45,100,1,5171.4,2
180,2,37,100,11,7136.19,3
180,6,30,100,4,3855.9,2
180,9,41,100,8,6387.8,2
180,17,41,100,10,4687.94,2
180,30,26,57.73,2,1500.98,1
180,35,47,100,12,5713.79,2
180,36,37,50.59,14,1871.83,1
180,38,23,100,13,2866.26,1
180,51,48,100,5,5288.64,2
180,52,29,51.82,9,1502.78,1
180,64,48,100,1,5398.08,2
180,84,26,83.79,3,2178.54,1
180,89,32,71.75,7,2296,1
180,102,28,100,6,3256.96,2
181,15,21,100,8,2214.87,1
181,26,26,100,7,4554.94,2
181,28,41,100,11,4528.86,2
181,40,21,100,12,2844.87,1
181,48,44,100,2,7140.76,3
181,56,40,53.75,5,2150,1
181,67,39,30.06,9,1172.34,1
181,80,27,100,4,3832.38,2
181,87,50,46.53,10,2326.5,1
181,88,31,67.73,3,2099.63,1
181,93,41,100,6,4983.14,2
181,94,35,55.07,1,1927.45,1
182,8,46,100,8,8411.56,3
182,11,24,100,9,4242.24,2
182,13,45,100,7,8253,3
182,39,24,100,4,2819.28,1
182,41,22,100,6,2418.24,1
182,50,49,100,3,4946.06,2
182,62,21,100,2,2941.89,1
182,98,29,71.89,5,2084.81,1
182,109,32,60.06,1,1921.92,1
183,106,45,100,1,4692.6,2
184,5,24,100,1,3427.2,2
184,71,46,84.97,3,3908.62,2
184,96,26,75.34,4,1958.84,1
184,101,44,58.55,2,2576.2,1
184,105,34,100,5,3473.78,2
185,22,36,100,7,5676.84,2
185,37,21,96.34,13,2023.14,1
185,47,22,84.7,12,1863.4,1
185,68,21,71.25,8,1496.25,1
185,74,31,53.92,9,1671.52,1
185,76,22,77.15,14,1697.3,1
185,78,32,71.65,6,2292.8,1
185,92,26,48.44,1,1259.44,1
185,97,42,100,2,4296.6,2
185,99,34,100,11,3477.86,2
185,100,24,100,4,2441.04,1
185,104,22,80.8,3,1777.6,1
185,107,47,86.62,5,4071.14,2
185,108,21,45.19,10,948.99,1
186,31,25,82.79,4,2069.75,1
186,59,32,100,6,4061.76,2
186,61,32,65.51,1,2096.32,1
186,82,23,72.45,5,1666.35,1
186,85,26,100,2,2856.88,1
186,90,28,79.8,7,2234.4,1
186,103,35,100,3,3986.5,2
187,3,39,96.34,1,3757.26,2
187,32,32,48.46,2,1550.72,1
188,1,23,100,9,2597.39,1
188,4,29,100,11,6683.34,2
188,10,24,100,8,4157.04,2
188,46,39,55.95,3,2182.05,1
188,53,49,100,2,7947.31,3
188,57,47,100,10,5455.76,2
188,65,33,66.49,6,2194.17,1
188,83,32,80.84,1,2586.88,1
188,86,24,42.24,4,1013.76,1
188,91,38,100,7,4382.16,2
188,95,44,80.55,5,3544.2,2
189,7,33,100,5,5521.89,2
189,12,29,100,3,3984.6,2
189,14,22,76.61,6,1685.42,1
189,16,23,100,2,2807.61,1
189,24,41,92.4,1,3788.4,2
189,42,49,78.8,8,3861.2,2
189,44,23,100,7,3786.49,2
189,73,31,58.78,4,1822.18,1
190,18,37,100,8,5917.78,2
190,21,32,100,4,3424.64,2
190,25,47,100,7,7488.04,3
190,34,22,100,5,3223.44,2
190,40,23,100,9,4011.66,2
190,45,39,100,6,6446.7,2
190,55,27,72.02,1,1944.54,1
190,58,22,51.32,3,1129.04,1
190,70,48,34.36,10,1649.28,1
190,75,22,96.37,2,2120.14,1
190,77,50,100,11,7723.5,3
191,23,43,100,1,7310,3
191,49,38,89.27,2,3392.26,2
191,54,23,72.7,3,1672.1,1
191,66,49,100,5,5298.86,2
191,69,45,100,4,5548.95,2
191,72,48,74.48,6,3575.04,2
192,27,46,49.04,2,2255.84,1
192,79,24,40.21,1,965.04,1
193,2,47,100,6,10172.7,3
193,9,39,100,3,6396,2
193,17,46,98,5,4508,2
193,19,37,95.55,13,3535.35,2
193,20,37,48.52,12,1795.24,1
193,29,24,100,17,2440.8,1
193,33,20,100,14,3577.6,2
193,35,46,100,7,4613.8,2
193,36,24,64.96,9,1559.04,1
193,38,26,85.87,8,2232.62,1
193,43,38,100,11,3958.46,2
193,52,34,49.3,4,1676.2,1
193,60,23,30.2,16,694.6,1
193,63,44,39.42,15,1734.48,1
193,81,33,100,10,3342.57,2
193,89,36,73.04,2,2629.44,1
193,102,40,100,1,4208,2
194,6,38,100,13,6680.78,2
194,15,38,100,5,4773.18,2
194,26,27,100,4,3934.44,2
194,28,36,100,8,4816.08,2
194,30,41,53.48,11,2192.68,1
194,40,37,100,9,7455.87,3
194,51,22,99.29,14,2184.38,1
194,56,45,61.85,2,2783.25,1
194,64,24,100,10,3189.6,2
194,67,48,31.47,6,1510.56,1
194,80,36,100,1,4641.48,2
194,84,28,100,12,3155.04,2
194,87,40,57.9,7,2316,1
194,93,42,100,3,4618.32,2
195,8,31,100,13,6570.76,2
195,11,34,100,14,4982.7,2
195,13,20,100,12,3633.4,2
195,39,32,100,9,3759.04,2
195,41,40,91.76,11,3670.4,2
195,48,23,100,16,3600.65,2
195,50,39,90.4,8,3525.6,2
195,62,29,100,7,3207.4,2
195,71,31,84.08,2,2606.48,1
195,88,46,50.33,17,2315.18,1
195,94,34,60.34,15,2051.56,1
195,96,50,54,3,2700,1
195,98,38,91.81,10,3488.78,2
195,101,43,75.17,1,3232.31,2
195,105,32,90.15,4,2884.8,1
195,106,30,100,5,3515.7,2
195,109,35,59.51,6,2082.85,1
196,5,22,100,9,2692.8,1
196,22,39,100,1,7379.97,3
196,37,31,83.44,7,2586.64,1
196,47,48,86.81,6,4166.88,2
196,68,25,75.36,2,1884,1
196,74,22,71.67,3,1576.74,1
196,76,22,91.41,8,2011.02,1
196,99,34,97.76,5,3323.84,2
196,108,34,53.63,4,1823.42,1
197,3,34,100,2,4043.96,2
197,4,20,100,1,4570.4,2
197,31,27,82.79,7,2235.33,1
197,32,34,52.09,3,1771.06,1
197,59,31,100,9,3493.7,2
197,61,47,63.22,4,2971.34,1
197,78,43,76.43,16,3286.49,2
197,82,44,83.32,8,3666.08,2
197,85,24,79.91,5,1917.84,1
197,90,46,66.04,10,3037.84,2
197,92,47,43.64,11,2051.08,1
197,97,21,100,12,2224.95,1
197,100,35,88.75,14,3106.25,2
197,103,31,100,6,4009.23,2
197,104,21,87.2,13,1831.2,1
197,107,39,68.11,15,2656.29,1
198,1,41,100,5,4394.38,2
198,10,26,100,4,4660.24,2
198,57,21,100,6,2650.62,1
198,65,24,56.1,2,1346.4,1
198,91,50,84.7,3,4235,2
198,95,28,88.68,1,2483.04,1
199,7,33,100,10,6934.62,2
199,12,24,100,8,3100.32,2
199,14,49,81.4,11,3988.6,2
199,16,25,100,7,2504.75,1
199,18,37,100,2,6231.91,2
199,24,20,91.63,6,1832.6,1
199,25,24,100,1,3448.08,2
199,40,48,100,3,8940.96,3
199,42,27,80.41,13,2171.07,1
199,44,49,100,12,6266.12,2
199,46,42,67.14,16,2819.88,1
199,53,40,100,15,5356.8,2
199,70,33,41.91,4,1383.03,1
199,73,38,56.94,9,2163.72,1
199,77,45,100,5,5497.65,2
199,83,49,97.01,14,4753.49,2
199,86,36,43.05,17,1549.8,1
200,21,29,100,9,2923.2,1
200,34,43,100,10,5278.68,2
200,45,32,100,11,3616.64,2
200,49,41,81.91,1,3358.31,2
200,54,25,66.99,2,1674.75,1
200,55,26,87.45,6,2273.7,1
200,58,45,49.3,8,2218.5,1
200,66,28,93.6,4,2620.8,1
200,69,43,100,3,4595.41,2
200,72,25,83.04,5,2076,1
200,75,46,92.09,7,4236.14,2
201,2,48,100,3,11623.7,3
201,17,32,100,2,4181.44,2
201,19,43,89.38,10,3843.34,2
201,20,25,44.21,9,1105.25,1
201,23,48,100,17,8078.4,3
201,27,30,61.15,16,1834.5,1
201,29,31,100,14,4729.36,2
201,33,25,100,11,3881.25,2
201,35,37,100,4,3711.1,2
201,36,35,53.72,6,1880.2,1
201,38,38,100,5,4457.02,2
201,43,33,100,8,3535.95,2
201,52,39,56.85,1,2217.15,1
201,60,39,29.54,13,1152.06,1
201,63,23,37.63,12,865.49,1
201,79,31,35.29,15,1093.99,1
201,81,44,100,7,4884.88,2
202,6,40,100,7,6678,2
202,9,21,100,11,2669.1,1
202,28,29,100,2,3416.78,2
202,30,34,52.87,5,1797.58,1
202,40,25,100,3,4572.25,2
202,51,28,100,8,2881.76,1
202,64,42,100,4,5581.8,2
202,84,27,87.64,6,2366.28,1
202,87,38,45.45,1,1727.1,1
202,89,34,56.24,10,1912.16,1
202,102,30,99.13,9,2973.9,1
203,8,38,100,5,7975.44,3
203,11,46,100,6,6393.54,2
203,13,36,100,4,6913.8,2
203,15,45,100,14,6185.7,2
203,26,42,100,13,5776.26,2
203,39,20,100,1,2731.8,1
203,41,23,100,3,2481.7,1
203,48,29,100,8,4206.74,2
203,56,44,53.18,11,2339.92,1
203,67,39,37.13,15,1448.07,1
203,80,38,100,10,4000.26,2
203,88,35,66.49,9,2327.15,1
203,93,28,100,12,3403.12,2
203,94,38,61.51,7,2337.38,1
203,98,23,76.22,2,1753.06,1
204,50,36,100,7,3602.16,2
204,62,35,100,6,4215.05,2
204,71,24,86.74,1,2081.76,1
204,96,41,62,2,2542,1
204,105,31,86.15,3,2670.65,1
204,106,37,91.37,4,3380.69,2
204,109,40,55.69,5,2227.6,1
205,5,33,100,17,4128.96,2
205,22,27,100,9,3704.13,2
205,37,21,94.62,15,1987.02,1
205,47,47,86.81,14,4080.07,2
205,59,25,100,1,2872.25,1
205,68,34,63.71,10,2166.14,1
205,74,47,76.93,11,3615.71,2
205,76,25,92.25,16,2306.25,1
205,78,30,77.79,8,2333.7,1
205,90,24,59.16,2,1419.84,1
205,92,34,47.57,3,1617.38,1
205,97,34,82.21,4,2795.14,1
205,99,45,93.24,13,4195.8,2
205,100,23,100,6,2706.41,1
205,101,48,74.45,18,3573.6,2
205,104,48,75.2,5,3609.6,2
205,107,44,62.19,7,2736.36,1
205,108,34,43.7,12,1485.8,1
206,82,35,83.32,1,2916.2,1
207,1,46,94.74,1,4358.04,2
207,3,45,100,4,5566.5,2
207,4,37,100,3,7667.14,3
207,31,31,100,9,3116.43,2
207,32,42,52.7,5,2213.4,1
207,57,48,100,2,6437.28,2
207,61,26,86.83,6,2257.58,1
207,85,47,100,7,5305.36,2
207,103,50,100,8,7119,3
208,10,30,100,9,4111.8,2
208,42,46,73.98,1,3403.08,2
208,46,44,59.06,4,2598.64,1
208,53,45,100,3,7901.1,3
208,65,31,81.73,7,2533.63,1
208,83,43,85.69,2,3684.67,2
208,86,29,38.22,5,1108.38,1
208,91,22,100,8,2626.8,1
208,95,45,77.29,6,3478.05,2
209,7,31,100,3,6876.11,2
209,12,35,100,1,4850.3,2
209,14,38,73.42,4,2789.96,1
209,44,25,100,5,3491,2
209,73,26,61.23,2,1591.98,1
210,16,24,100,15,2984.88,1
210,18,41,100,10,5803.14,2
210,21,44,100,6,4489.76,2
210,24,37,78.54,14,2905.98,1
210,25,25,100,9,3734,2
210,34,27,100,7,2851.2,1
210,40,33,100,11,5700.09,2
210,45,28,100,8,4232.76,2
210,55,30,70.55,3,2116.5,1
210,58,48,42.26,5,2028.48,1
210,66,30,72.7,1,2181,1
210,70,37,33.23,12,1229.51,1
210,72,39,84.75,2,3305.25,2
210,75,21,89.95,4,1888.95,1
210,77,26,100,13,4052.88,2
211,2,40,100,1,6000.4,2
211,6,46,61.99,8,2851.54,1
211,9,27,100,9,4784.13,2
211,17,22,100,10,2251.04,1
211,19,43,86.3,14,3710.9,2
211,20,41,57.68,5,2364.88,1
211,29,50,100,6,12536.5,3
211,30,35,61.21,11,2142.35,1
211,33,36,100,2,5797.44,2
211,35,33,100,12,3524.73,2
211,36,41,29.87,13,1224.67,1
211,38,48,47.04,7,2257.92,1
211,60,20,100,3,2624,1
211,63,30,100,4,3500.1,2
212,43,33,91.27,2,3011.91,2
212,51,47,100,1,6203.06,2
213,11,27,54.33,1,1466.91,1
213,15,26,58.38,7,1517.88,1
213,26,47,100,8,7207.45,3
213,28,33,37.48,10,1236.84,1
213,40,27,100,12,3155.49,2
213,48,49,100,13,5379.71,2
213,52,38,100,6,6832.02,2
213,56,25,69.16,14,1729,1
213,64,31,100,2,3820.44,2
213,67,30,100,9,3338.1,2
213,81,33,100,3,6267.69,2
213,84,20,98.18,11,1963.6,1
213,89,48,100,4,8209.44,3
213,102,34,100,5,4248.3,2
214,5,47,64.93,6,3051.71,2
214,8,42,64,8,2688,1
214,13,24,100,1,2583.6,1
214,39,24,69.12,9,1658.88,1
214,80,44,100,5,5325.76,2
214,87,38,100,3,8844.12,3
214,88,28,100,2,5377.4,2
214,93,38,100,4,5190.42,2
214,94,44,100,7,5932.96,2
215,41,32,100,6,3807.68,2
215,50,50,86.01,5,4300.5,2
215,62,41,100,4,4333.29,2
215,71,41,85.85,3,3519.85,2
215,76,20,92.25,2,1845,1
215,96,39,60,1,2340,1
216,22,25,100,6,2804.75,1
216,31,45,100,8,4781.7,2
216,37,25,45.86,5,1146.5,1
216,98,20,100,7,3469.2,2
216,101,21,96.31,1,2022.51,1
216,105,43,80,2,3440,2
216,106,37,86.61,3,3204.57,2
216,109,37,86.74,4,3209.38,2
217,47,34,100,6,3815.48,2
217,59,47,87.54,14,4114.38,2
217,68,48,58.92,1,2828.16,1
217,74,20,72.98,2,1459.6,1
217,78,35,76.43,3,2675.05,1
217,82,43,60.86,4,2616.98,1
217,90,24,81.17,5,1948.08,1
217,92,34,51.93,7,1765.62,1
217,97,27,100,8,2762.1,1
217,99,41,100,9,4156.58,2
217,100,37,100,10,4021.53,2
217,103,33,100,11,4072.2,2
217,104,33,64,13,2112,1
217,107,39,85.87,12,3348.93,2
218,1,42,100,1,4396.14,2
218,3,20,100,2,3176,2
218,4,26,100,3,5868.2,2
218,7,41,71.47,5,2930.27,1
218,10,24,100,6,3542.64,2
218,12,46,83.63,13,3846.98,2
218,14,33,100,14,3607.56,2
218,16,39,64.74,15,2524.86,1
218,24,29,100,9,2954.81,1
218,32,38,100,12,5266.04,2
218,42,38,59.1,10,2245.8,1
218,57,30,87.78,7,2633.4,1
218,61,37,94.43,4,3493.91,2
218,85,45,63.91,11,2875.95,1
218,108,44,86.13,8,3789.72,2
219,44,37,100,3,4405.22,2
219,46,29,69.63,2,2019.27,1
219,53,50,100,4,6101,2
219,65,42,81.03,1,3403.26,2
220,18,46,100,6,6434.02,2
220,21,44,100,14,4849.24,2
220,23,44,74.04,7,3257.76,2
220,25,30,32.47,8,974.1,1
220,34,26,64.9,10,1687.4,1
220,40,27,100,11,4170.69,2
220,45,26,67.91,12,1765.66,1
220,70,27,42.24,13,1140.48,1
220,73,25,100,9,3078.5,2
220,77,21,100,1,3135.93,2
220,83,41,100,2,5715.4,2
220,86,28,100,3,4102.56,2
220,91,32,100,4,5026.56,2
220,95,20,100,5,3657.8,2
221,19,46,95.13,15,4375.98,2
221,20,27,89.89,16,2427.03,1
221,27,38,84.25,9,3201.5,2
221,29,35,64.69,8,2264.15,1
221,33,24,52.67,1,1264.08,1
221,36,26,100,17,2979.08,1
221,38,40,39.8,18,1592,1
221,49,50,100,2,7310,3
221,54,21,100,3,3472.98,2
221,55,23,56.84,4,1307.32,1
221,58,20,87.96,5,1759.2,1
221,60,45,81.91,6,3685.95,2
221,63,26,85.52,10,2223.52,1
221,66,39,86.72,7,3382.08,2
221,69,44,42.26,11,1859.44,1
221,72,45,34.19,12,1538.55,1
221,75,31,37.18,13,1152.58,1
221,79,41,77.24,14,3166.84,2
222,2,26,100,3,3003,2
222,9,33,99.21,6,3273.93,2
222,17,29,40.25,7,1167.25,1
222,35,31,90.17,5,2795.27,1
222,43,46,100,2,11336.7,3
222,52,24,79.86,8,1916.64,1
222,81,39,100,1,4424.16,2
222,89,33,73.69,4,2431.77,1
223,6,26,100,2,3188.12,2
223,28,46,100,6,5814.86,2
223,30,34,61.38,1,2086.92,1
223,40,20,100,3,2878.8,1
223,51,49,100,4,6763.47,2
223,64,42,100,5,5528.04,2
224,67,33,37.13,2,1225.29,1
224,84,44,100,1,4746.28,2
224,87,40,60.6,3,2424,1
225,8,33,57.22,10,1888.26,1
225,11,33,100,11,4059.33,2
225,13,49,63.38,1,3105.62,2
225,15,38,100,3,6372.6,2
225,26,49,100,6,7460.74,3
225,39,48,100,12,5778.24,2
225,41,21,100,7,2230.41,1
225,56,45,100,4,5972.4,2
225,80,31,100,5,4618.69,2
225,88,31,84.71,9,2626.01,1
225,93,23,100,8,3141.57,2
225,102,46,100,2,9558.8,3
226,5,25,48.05,8,1201.25,1
226,48,36,100,3,5679.36,2
226,50,29,100,2,4498.19,2
226,62,29,71.97,4,2087.13,1
226,94,21,100,6,2296.77,1
226,98,36,70.3,9,2530.8,1
226,105,31,89.38,1,2770.78,1
226,106,36,71.89,7,2588.04,1
226,109,42,97.16,5,4080.72,2
227,22,41,100,1,5624.79,2
227,37,28,82.58,3,2312.24,1
227,47,45,100,2,5526.45,2
228,3,40,68.92,4,2756.8,1
228,4,39,76.67,3,2990.13,1
228,31,27,100,2,2810.7,1
228,32,30,62.16,1,1864.8,1
228,57,27,84.39,10,2278.53,1
228,59,21,50.65,7,1063.65,1
228,68,55,100,12,6214.45,2
228,71,55,100,13,10758,3
228,74,29,99.69,14,2891.01,1
228,76,42,59.36,16,2493.12,1
228,78,45,96.92,11,4361.4,2
228,96,22,100,5,2816.44,1
228,99,55,71.25,15,3918.75,2
228,101,50,74.35,9,3717.5,2
228,107,50,57.86,8,2893,1
228,108,27,76.31,6,2060.37,1
229,61,55,79.98,8,4398.9,2
229,82,40,84.77,1,3390.8,2
229,85,55,100,2,6482.85,2
229,90,39,59.16,3,2307.24,1
229,92,40,50.62,4,2024.8,1
229,97,30,88.6,5,2658,1
229,100,55,87.75,7,4826.25,2
229,103,29,100,6,4094.51,2
230,1,41,100,9,7737.93,3
230,7,45,79.65,2,3584.25,2
230,10,55,100,8,8118.55,3
230,12,44,95.93,1,4220.92,2
230,14,36,93.56,10,3368.16,2
230,16,55,75.2,7,4136,2
230,65,32,100,6,3307.2,2
230,91,31,71.02,4,2201.62,1
230,95,38,100,3,4682.36,2
230,104,34,100,5,3644.12,2
231,18,40,100,2,6454.4,2
231,24,55,65.45,1,3599.75,2
231,25,22,100,3,3160.74,2
231,40,30,100,4,5029.5,2
231,42,25,66.74,5,1668.5,1
231,44,55,100,7,6548.3,2
231,46,26,55.95,8,1454.7,1
231,53,38,100,11,6276.46,2
231,70,39,40.4,9,1575.6,1
231,73,48,62.45,10,2997.6,1
231,77,42,100,6,5013.54,2
232,21,36,100,4,5848.92,2
232,34,25,52.32,3,1308,1
232,45,44,84.88,2,3734.72,2
232,58,27,36.21,6,977.67,1
232,83,30,100,1,3098.7,2
232,86,29,100,5,3713.16,2
233,23,45,100,1,7650,3
233,27,40,56.91,2,2276.4,1
233,29,30,100,3,3928.2,2
233,49,21,100,4,2203.11,1
233,54,26,63.43,5,1649.18,1
233,55,29,59.53,7,1726.37,1
233,60,20,35.18,6,703.6,1
234,63,43,53.76,1,2311.68,1
235,19,42,36.11,3,1516.62,1
235,66,25,100,1,2876.75,1
235,69,24,87.24,5,2093.76,1
235,72,24,100,2,3325.92,2
235,75,26,95.88,6,2492.88,1
235,79,22,97.44,4,2143.68,1
236,2,30,100,1,3944.7,2
236,6,27,100,2,4428,2
236,9,29,100,3,3586.43,2
236,17,42,49.6,5,2083.2,1
236,20,21,58.95,7,1237.95,1
236,30,50,100,8,6834.5,2
236,33,21,100,6,4815.3,2
236,35,48,100,9,4814.4,2
236,36,34,64.96,10,2208.64,1
236,38,45,100,11,4948.2,2
236,43,26,100,12,2656.94,1
236,51,45,100,4,5884.65,2
237,8,48,52.36,8,2513.28,1
237,11,47,100,4,4801.52,2
237,52,29,100,6,7110.8,3
237,64,37,100,1,5981.42,2
237,81,39,50.31,2,1962.09,1
237,84,42,100,3,6386.94,2
237,89,31,100,5,3139.99,2
237,102,32,82.83,7,2650.56,1
238,13,26,100,10,4408.56,2
238,15,48,100,9,5232.96,2
238,26,38,100,8,6719.54,2
238,28,38,100,7,5223.48,2
238,40,48,100,6,7396.8,3
238,48,34,100,5,4394.84,2
238,56,48,47.4,4,2275.2,1
238,67,36,37.13,3,1336.68,1
238,80,23,100,2,3182.97,2
238,87,33,46.53,1,1535.49,1
239,5,26,75.47,5,1962.22,1
239,37,43,64.97,6,2793.71,1
239,39,44,100,1,5191.12,2
239,41,41,93.04,2,3814.64,2
239,50,30,100,3,3023.1,2
239,62,34,50.33,7,1711.22,1
239,71,30,100,9,3021,2
239,76,25,60.34,10,1508.5,1
239,88,27,100,14,4406.4,2
239,93,31,71.4,8,2213.4,1
239,94,44,100,17,6490.88,2
239,96,46,76.67,11,3526.82,2
239,98,28,100,4,2924.32,1
239,101,29,75.35,12,2185.15,1
239,105,31,77.34,13,2397.54,1
239,106,25,100,16,2854.75,1
239,109,20,100,15,2244.4,1
240,22,39,99.52,1,3881.28,2
240,47,20,100,2,3374.6,2
240,68,25,74.68,5,1867,1
240,74,38,68.38,4,2598.44,1
240,78,34,59.37,3,2018.58,1
241,99,23,100,3,2352.67,1
241,100,49,100,2,4935.28,2
241,107,22,75.51,1,1661.22,1
241,108,49,52.64,4,2579.36,1
242,31,27,100,1,3515.67,2
242,59,28,71.73,2,2008.44,1
242,82,35,89.9,3,3146.5,2
242,85,46,81.17,5,3733.82,2
242,90,40,44.51,7,1780.4,1
242,92,40,82.21,8,3288.4,2
242,97,39,100,9,5043.87,2
242,103,48,68.8,4,3302.4,2
242,104,43,81.95,6,3523.85,2
243,44,23,100,7,3177.91,2
243,46,31,53.47,1,1657.57,1
243,53,25,100,2,4203.5,2
243,65,41,70.65,3,2896.65,1
243,70,36,38.52,4,1386.72,1
243,73,44,62.45,6,2747.8,1
243,77,32,100,8,5302.72,2
243,83,28,95.39,9,2670.92,1
243,86,38,39.83,10,1513.54,1
243,91,40,100,5,4326.8,2
244,18,43,97.6,8,4196.8,2
244,19,50,50.18,9,2509,1
244,20,22,72.41,6,1593.02,1
244,25,27,64.69,2,1746.63,1
244,29,29,100,3,3630.22,2
244,33,30,100,1,4462.2,2
244,60,48,100,5,9720,3
244,63,26,31.86,7,828.36,1
244,95,26,100,4,3937.7,2
245,2,32,100,10,5691.84,2
245,6,43,100,9,5780.92,2
245,9,49,100,8,5960.36,2
245,17,39,98,1,3822,2
245,30,41,61.99,7,2541.59,1
245,35,41,87.13,6,3572.33,2
245,36,49,70.58,5,3458.42,2
245,38,44,100,4,5160.76,2
245,43,25,100,3,2604.25,1
245,51,28,100,2,3559.64,2
246,11,49,55.34,5,2711.66,1
246,15,42,64.16,9,2694.72,1
246,26,20,100,10,2428,1
246,28,20,36.42,11,728.4,1
246,40,32,93.49,12,2991.68,1
246,48,25,100,13,2528.25,1
246,52,30,100,8,5302.8,2
246,56,44,60.76,14,2673.44,1
246,64,41,100,7,5684.65,2
246,67,36,82.94,4,2985.84,1
246,81,41,100,6,6847,2
246,84,41,100,1,4428,2
246,89,36,100,2,5669.64,2
246,102,27,100,3,3761.37,2
247,5,48,54.68,6,2624.64,1
247,8,42,100,8,4764.48,2
247,13,49,62.09,5,3042.41,2
247,80,22,100,7,2603.04,1
247,87,36,100,3,6358.68,2
247,88,22,100,1,4301.22,2
247,93,46,100,2,4896.7,2
247,94,25,64.93,4,1623.25,1
248,1,20,72.55,13,1451,1
248,3,26,51.15,8,1329.9,1
248,74,34,100,6,3871.92,2
248,78,26,100,7,3710.98,2
248,82,25,62.46,1,1561.5,1
248,90,49,72.33,2,3544.17,2
248,92,33,82.59,3,2725.47,1
248,97,20,60.54,4,1210.8,1
248,99,24,45.39,14,1089.36,1
248,100,26,100,9,2754.7,1
248,103,44,72.42,5,3186.48,2
248,104,44,100,10,5001.92,2
248,107,35,100,11,4277.35,2
248,108,23,95.2,12,2189.6,1
249,4,22,100,4,3664.1,2
249,10,22,100,1,3877.06,2
249,32,23,49.67,3,1142.41,1
249,57,50,96.92,2,4846,2
250,7,33,85.39,3,2817.87,1
250,12,34,96.73,4,3288.82,2
250,14,34,81.62,5,2775.08,1
250,16,46,88.45,6,4068.7,2
250,24,22,100,7,3686.54,2
250,42,46,60.3,10,2773.8,1
250,44,24,100,11,4142.64,2
250,46,32,89.12,12,2851.84,1
250,53,28,58.18,13,1629.04,1
250,61,21,100,8,3595.62,2
250,65,43,61.23,14,2632.89,1
250,73,21,100,15,2447.76,1
250,77,31,94.58,1,2931.98,1
250,83,43,100,9,5154.41,2
250,85,50,100,2,6576.5,2
251,86,48,48.28,1,2317.44,1
252,18,30,87.06,1,2611.8,1
252,91,22,100,3,3425.18,2
252,95,44,100,2,4984.32,2
253,25,34,100,3,4207.84,2
253,34,49,100,2,6144.6,2
253,40,34,100,1,6275.72,2
254,21,49,56.3,1,2758.7,1
254,23,37,100,3,4703.81,2
254,27,45,100,4,8884.8,3
254,29,27,100,5,4196.07,2
254,33,32,94.79,7,3033.28,2
254,45,46,100,6,4808.38,2
254,49,43,62.72,8,2696.96,1
254,54,44,85.25,9,3751,2
254,55,21,60.37,10,1267.77,1
254,58,38,38.5,11,1463,1
254,60,23,36.29,13,834.67,1
254,63,28,30.59,12,856.52,1
254,70,36,100,2,5018.4,2
255,66,40,100,2,4107.2,2
255,69,31,100,5,4223.13,2
255,72,46,79.62,1,3662.52,2
255,75,20,99.58,4,1991.6,1
255,79,46,37.34,3,1717.64,1
256,2,41,100,2,4514.92,2
256,19,44,100,8,9240.44,3
256,20,32,98.63,7,3156.16,2
256,35,42,100,1,4581.36,2
256,36,28,44.21,6,1237.88,1
256,38,21,94.22,5,1978.62,1
256,43,45,73.08,4,3288.6,2
256,81,40,86.92,3,3476.8,2
257,6,35,65.63,4,2297.05,1
257,9,49,100,8,8470.14,3
257,17,27,100,1,3911.49,2
257,28,22,100,5,3949,2
257,30,22,96.86,7,2130.92,1
257,40,27,56.85,9,1534.95,1
257,51,29,57.53,6,1668.37,1
257,52,20,100,2,2730,1
257,89,25,100,3,3160.25,2
258,8,32,100,6,3560.64,2
258,15,49,35.71,4,1749.79,1
258,26,25,100,7,2602.25,1
258,56,25,97.27,12,2431.75,1
258,64,20,100,5,3449.4,2
258,67,45,100,8,5545.8,2
258,80,28,50.32,9,1408.96,1
258,84,26,100,1,4044.04,2
258,87,20,66.47,2,1329.4,1
258,88,30,99.55,11,2986.5,1
258,93,48,56.55,10,2714.4,1
258,102,34,100,3,4301.34,2
259,11,40,100,4,5862,2
259,13,34,100,1,5941.5,2
259,39,28,100,3,3862.88,2
259,41,25,84.71,5,2117.75,1
259,48,48,100,6,7031.52,3
259,50,41,86.89,7,3562.49,2
259,62,37,100,8,3910.53,2
259,94,24,58.58,9,1405.92,1
259,98,44,100,2,4496.8,2
260,5,39,100,3,4046.25,2
260,22,28,57.55,4,1611.4,1
260,37,22,86.74,5,1908.28,1
260,47,50,60.49,6,3024.5,2
260,68,38,70.44,7,2676.72,1
260,71,33,57.32,12,1891.56,1
260,74,46,66,11,3036,2
260,76,23,100,10,2394.3,1
260,78,39,73,13,2847,1
260,96,44,100,14,4627.92,2
260,99,32,84.41,15,2701.12,1
260,101,41,70.33,16,2883.53,1
260,105,34,96.34,2,3275.56,2
260,106,37,100,8,4025.6,2
260,107,45,55.62,17,2502.9,1
260,108,25,64.97,9,1624.25,1
260,109,29,100,1,3978.51,2
261,3,39,100,5,5288.01,2
261,4,22,100,1,3834.38,2
261,31,42,69.27,2,2909.34,1
261,32,22,53.3,4,1172.6,1
261,57,38,100,6,4197.1,2
261,59,46,94.1,3,4328.6,2
262,1,21,34.91,12,733.11,1
262,7,45,76,7,3420,2
262,10,49,78.92,13,3867.08,2
262,61,23,100,9,2443.29,1
262,65,20,100,14,2046,1
262,82,43,100,2,10039.6,3
262,85,37,100,3,6353.27,2
262,90,44,82.26,4,3619.44,2
262,91,41,100,15,4701.88,2
262,92,49,65.8,5,3224.2,2
262,95,49,100,8,5406.66,2
262,97,37,81.87,6,3029.19,2
262,100,33,100,1,3856.71,2
262,103,25,66.73,10,1668.25,1
262,104,44,100,11,5208.72,2
263,12,35,100,1,3987.2,2
264,14,24,67.83,5,1627.92,1
264,16,50,100,1,5182,2
264,18,35,100,2,5895.05,2
264,24,31,67.76,4,2100.56,1
264,25,36,100,6,4352.76,2
264,40,39,100,3,7264.53,3
265,21,34,42.64,5,1449.76,1
265,42,22,100,4,2464,1
265,44,43,96.49,10,4149.07,2
265,46,28,100,9,4609.64,2
265,53,49,67.14,8,3289.86,2
265,70,41,100,7,5856.85,2
265,73,46,41.54,6,1910.84,1
265,77,33,53.27,3,1757.91,1
265,83,41,100,2,4894.17,2
265,86,40,82.46,1,3298.4,2
266,23,39,100,2,5399.55,2
266,27,27,49.3,1,1331.1,1
266,34,29,100,5,5127.2,2
266,45,32,70.83,4,2266.56,1
266,58,32,100,3,3970.56,2
267,19,27,93.16,13,2515.32,1
267,29,40,100,10,4931.6,2
267,33,21,47.18,8,990.78,1
267,49,32,100,1,3376.64,2
267,54,24,100,2,4536,2
267,55,34,100,3,3441.82,2
267,60,32,70.56,4,2257.92,1
267,63,27,68.35,5,1845.45,1
267,66,36,37.5,6,1350,1
267,69,44,36.29,7,1596.76,1
267,72,44,79.06,9,3478.64,2
267,75,34,100,11,3953.18,2
267,79,43,95.03,12,4086.29,2
268,2,36,100,3,8254.8,3
268,6,37,100,6,6231.54,2
268,9,20,100,1,2952,1
268,17,48,98,2,4704,2
268,20,25,52.83,9,1320.75,1
268,30,35,48.62,7,1701.7,1
268,35,41,100,8,4319.76,2
268,36,40,68.08,4,2723.2,1
268,38,35,100,5,4288.2,2
269,8,34,100,10,3823.64,2
269,11,37,100,11,4071.85,2
269,13,34,95.35,12,3241.9,2
269,15,32,66.58,13,2130.56,1
269,26,25,88,5,2200,1
269,43,50,100,7,8935.5,3
269,51,39,100,1,4890.6,2
269,52,39,100,2,7827.3,3
269,64,20,100,3,2654.4,1
269,81,33,100,4,4592.61,2
269,84,26,100,6,2708.42,1
269,89,48,100,8,6799.68,2
269,102,34,54.84,9,1864.56,1
270,28,27,100,11,3843.99,2
270,39,24,61.52,9,1476.48,1
270,40,47,100,6,6869.05,2
270,41,26,100,12,3340.48,2
270,48,38,100,1,5340.9,2
270,50,28,58.58,7,1640.24,1
270,56,22,91.76,2,2018.72,1
270,67,40,100,3,6089.6,2
270,80,21,93.91,4,1972.11,1
270,87,32,53.18,5,1701.76,1
270,88,44,36.07,8,1587.08,1
270,93,29,100,13,3087.05,2
270,94,38,60.06,10,2282.28,1
271,5,34,100,4,4846.7,2
271,62,28,80.54,3,2255.12,1
271,71,43,97.87,2,4208.41,2
271,98,49,100,1,6397.44,2
272,76,37,85.54,2,3164.98,2
272,96,25,77.34,1,1933.5,1
273,22,25,54.57,7,1364.25,1
273,31,21,74.77,18,1570.17,1
273,37,37,93.01,5,3441.37,2
273,47,22,57.55,6,1266.1,1
273,59,33,41.71,11,1376.43,1
273,68,39,55.96,1,2182.44,1
273,74,35,63.76,9,2231.6,1
273,78,41,73.32,12,3006.12,2
273,82,50,63.34,8,3167,2
273,99,29,85.76,13,2487.04,1
273,100,37,83.84,14,3102.08,2
273,101,37,100,10,5017.57,2
273,104,32,94.34,17,3018.88,2
273,105,45,92.08,2,4143.6,2
273,106,30,95.48,3,2864.4,1
273,107,44,86.4,15,3801.6,2
273,108,50,87.15,16,4357.5,2
273,109,43,100,4,5417.57,2
274,85,44,94.9,1,4175.6,2
275,1,42,76.36,4,3207.12,2
275,3,50,44.51,5,2225.5,1
275,4,21,86.77,7,1822.17,1
275,10,44,100,6,5951.44,2
275,90,35,100,8,3918.95,2
275,92,27,100,1,3211.38,2
275,97,46,100,2,10066.6,3
275,103,50,100,3,7154.5,3
276,7,26,99.04,4,2575.04,1
276,12,25,72.38,6,1809.5,1
276,14,36,70.26,7,2529.36,1
276,16,47,100,8,5243.79,2
276,24,49,79.22,3,3881.78,2
276,32,39,100,5,6981,2
276,57,45,100,1,4597.65,2
276,61,49,81.4,2,3988.6,2
277,18,36,93.77,14,3375.72,2
277,25,34,43.05,15,1463.7,1
277,29,31,98.99,16,3068.69,2
277,33,26,78.11,7,2030.86,1
277,42,40,100,9,5491.6,2
277,44,50,100,1,7397,3
277,46,36,100,2,5079.96,2
277,53,49,100,3,6862.94,2
277,65,35,65.13,4,2279.55,1
277,70,37,100,5,4894.73,2
277,73,46,52.84,6,2430.64,1
277,77,45,100,8,6763.05,2
277,83,30,82.42,10,2472.6,1
277,86,41,44.56,11,1826.96,1
277,91,45,48.98,12,2204.1,1
277,95,22,100,13,3491.18,2
278,2,24,100,4,2416.56,1
278,6,37,46.9,7,1735.3,1
278,9,39,63.2,9,2464.8,1
278,17,29,85.1,10,2467.9,1
278,19,35,100,2,5548.9,2
278,20,42,100,3,4998,2
278,30,44,38.5,5,1694,1
278,35,32,45.25,6,1448,1
278,60,33,100,8,8344.71,3
278,63,24,100,1,4042.08,2
279,36,37,59.96,3,2218.52,1
279,38,29,86.92,2,2520.68,1
279,43,36,100,1,4035.96,2
280,40,22,100,5,3353.02,2
280,48,37,100,1,6376.58,2
280,56,31,50.29,2,1558.99,1
280,67,46,38.9,6,1789.4,1
280,80,37,100,7,5207.75,2
280,87,36,62.77,3,2259.72,1
280,88,30,60.28,4,1808.4,1
281,5,32,100,2,3370.56,2
281,8,33,69.12,1,2280.96,1
281,93,46,100,4,5692.96,2
281,94,45,100,3,8977.05,3
282,13,33,100,3,6109.29,2
282,39,33,100,2,5273.73,2
282,41,24,89.75,4,2154,1
282,50,45,100,5,4739.4,2
282,62,49,100,6,5720.75,2
282,71,27,83.2,7,2246.4,1
282,76,37,90.57,8,3351.09,2
282,96,39,66.67,1,2600.13,1
283,98,32,80.55,5,2577.6,1
283,101,22,66.5,4,1463,1
283,105,48,100,3,5192.64,2
283,106,36,100,2,3789.72,2
283,109,34,62.24,1,2116.16,1
284,22,33,100,11,4215.09,2
284,31,34,76.88,15,2613.92,1
284,37,28,72.26,18,2023.28,1
284,47,45,100,17,4811.85,2
284,59,43,100,16,5552.16,2
284,68,28,57.55,3,1611.4,1
284,74,34,71.67,13,2436.78,1
284,78,41,68.24,2,2797.84,1
284,82,45,78.25,14,3521.25,2
284,90,22,67.41,4,1483.02,1
284,92,49,36.66,5,1796.34,1
284,97,47,87.69,6,4121.43,2
284,99,36,100,7,3910.32,2
284,100,22,86.76,8,1908.72,1
284,103,23,100,9,2810.83,1
284,104,29,65.6,10,1902.4,1
284,107,36,87.36,12,3144.96,2
284,108,34,40.22,1,1367.48,1
285,5,64,100,9,9661.44,3
285,22,34,100,1,6433.82,2
285,37,30,74.84,7,2245.2,1
285,47,58,100,6,7307.42,3
285,68,24,61.66,2,1479.84,1
285,74,38,57.2,3,2173.6,1
285,76,42,72.96,8,3064.32,2
285,99,46,87.8,5,4038.8,2
285,108,20,56.12,4,1122.4,1
286,31,42,76.03,3,3193.26,2
286,59,38,96.29,5,3659.02,2
286,78,64,60.05,12,3843.2,2
286,82,52,81.14,4,4219.28,2
286,85,49,100,1,4992.61,2
286,90,62,77.73,6,4819.26,2
286,92,56,35.35,7,1979.6,1
286,97,11,100,8,1135.31,1
286,100,85,88.75,10,7543.75,3
286,103,21,96.11,2,2018.31,1
286,104,77,92,9,7084,3
286,107,28,72.55,11,2031.4,1
287,3,45,100,1,5833.8,2
287,32,55,55.72,2,3064.6,2
287,61,59,87.6,3,5168.4,2
288,1,24,100,7,2434.56,1
288,4,66,100,9,11886.6,3
288,10,66,100,6,8648.64,3
288,46,36,52.22,1,1879.92,1
288,57,46,100,8,5287.7,2
288,65,27,79.65,4,2150.55,1
288,86,30,40.23,2,1206.9,1
288,91,45,100,5,5189.4,2
288,95,31,68.34,3,2118.54,1
289,16,97,93.28,5,9048.16,3
289,24,61,73.92,4,4509.12,2
289,40,55,100,1,8289.05,3
289,70,47,44.56,2,2094.32,1
289,77,76,100,3,11739.7,3
290,18,61,100,3,8374.69,3
290,25,48,100,2,7169.28,3
290,45,65,100,1,10468.9,3
291,21,59,100,11,7048.14,3
291,23,76,100,2,14082.8,3
291,27,42,72.65,1,3051.3,2
291,34,41,100,12,6386.16,2
291,49,6,90.19,3,541.14,1
291,54,66,66.99,4,4421.34,2
291,55,26,76.43,8,1987.18,1
291,58,64,40.25,10,2576,1
291,66,76,94.5,6,7182,3
291,69,59,98.65,5,5820.35,2
291,72,13,81.33,7,1057.29,1
291,75,43,86.73,9,3729.39,2
292,79,15,36.93,1,553.95,1
293,29,6,100,2,785.64,1
293,60,61,29.54,1,1801.94,1
294,2,23,100,9,4140.23,2
294,6,27,100,2,4427.73,2
294,9,40,100,6,6232,2
294,17,27,100,8,3213,2
294,51,46,100,3,5235.72,2
294,52,35,59.87,7,2095.45,1
294,84,26,100,1,2904.72,1
294,89,27,69.16,5,1867.32,1
294,102,34,100,4,3576.8,2
295,15,54,100,5,5951.34,2
295,26,41,100,4,6712.93,2
295,28,56,98.18,8,5498.08,2
295,30,47,61.99,11,2913.53,1
295,40,60,100,9,11887.8,3
295,56,21,52.6,2,1104.6,1
295,64,70,100,10,8498,3
295,67,30,36.07,6,1082.1,1
295,80,31,100,1,4253.2,2
295,87,19,48.7,7,925.3,1
295,93,26,100,3,3460.86,2
296,8,36,100,2,8677.8,3
296,11,47,100,3,8236.75,3
296,13,22,100,1,3387.78,2
296,48,49,100,5,6896.75,2
296,88,24,49.71,6,1193.04,1
296,94,51,63.85,4,3256.35,2
297,5,19,100,3,2764.88,1
297,37,44,73.98,1,3255.12,2
297,39,41,100,12,4872.03,2
297,41,48,100,14,5808.48,2
297,50,16,75.48,11,1207.68,1
297,62,23,100,10,3335.23,2
297,71,60,100,5,6107.4,2
297,76,51,76.31,2,3891.81,2
297,96,37,71.34,6,2639.58,1
297,98,34,100,13,3533.62,2
297,101,31,75.89,4,2352.59,1
297,105,28,100,7,3029.04,2
297,106,27,90.37,8,2439.99,1
297,109,47,65.52,9,3079.44,2
298,47,51,100,5,6209.25,2
298,68,21,67.82,1,1424.22,1
298,74,18,69.7,2,1254.6,1
298,99,32,95.95,4,3070.4,2
298,108,42,57.61,3,2419.62,1
299,22,24,100,14,4352.16,2
299,31,15,98.84,4,1482.6,1
299,59,47,88.63,6,4165.61,2
299,61,32,87.6,1,2803.2,1
299,78,18,75.06,13,1351.08,1
299,82,48,74.62,5,3581.76,2
299,85,45,100,2,4764.6,2
299,90,26,61.22,7,1591.72,1
299,92,37,51.93,8,1921.41,1
299,97,23,91.34,9,2100.82,1
299,100,22,100,11,2457.18,1
299,103,41,100,3,5642.83,2
299,104,39,67.2,10,2620.8,1
299,107,43,62.19,12,2674.17,1
300,1,66,100,2,7516.08,3
300,3,45,100,5,5887.35,2
300,4,56,100,4,9218.16,3
300,10,21,100,1,3447.78,2
300,32,36,61.18,6,2202.48,1
300,57,35,100,3,3550.05,2
301,7,12,100,13,1961.28,1
301,12,10,100,11,1092.2,1
301,14,34,90.17,14,3065.78,2
301,16,32,100,10,3832.64,2
301,18,38,100,5,4464.24,2
301,21,37,100,1,5202.94,2
301,24,39,83.93,9,3273.27,2
301,25,34,100,4,4594.76,2
301,34,55,100,2,7695.6,3
301,40,35,100,6,5926.9,2
301,45,43,100,3,5589.14,2
301,70,15,42.67,7,640.05,1
301,73,55,52.66,12,2896.3,1
301,77,70,100,8,9240,3
302,23,37,100,5,5283.6,2
302,27,36,63.57,4,2288.52,1
302,29,45,100,2,4977,2
302,49,66,92.95,6,6134.7,2
302,54,36,57.73,7,2078.28,1
302,55,60,64.67,11,3880.2,2
302,58,37,60.37,13,2233.69,1
302,60,45,26.88,1,1209.6,1
302,66,39,100,9,3933.93,2
302,69,55,96.3,8,5296.5,2
302,72,35,96.74,10,3385.9,2
302,75,26,100,12,2617.16,1
302,79,15,43.49,3,652.35,1
303,33,35,100,1,5433.75,2
303,63,40,45.7,2,1828,1
304,19,51,95.55,2,4873.05,2
304,20,25,51.75,1,1293.75,1
305,35,10,88.14,1,881.4,1
305,36,31,53.72,3,1665.32,1
305,38,21,84.82,2,1781.22,1
305,43,21,89.29,5,1875.09,1
305,81,28,78.89,4,2208.92,1
306,2,50,100,6,12001,3
306,9,49,100,3,7969.36,3
306,17,54,100,5,7182,3
306,52,26,59.87,4,1556.62,1
306,89,44,61.41,2,2702.04,1
306,102,46,80.92,1,3722.32,2
307,6,38,100,12,5894.94,2
307,15,33,100,4,4692.6,2
307,26,28,100,3,5318.04,2
307,28,38,99.41,7,3777.58,2
307,30,19,49.22,10,935.18,1
307,40,28,100,8,3793.16,2
307,51,38,100,13,4325.16,2
307,56,55,46.82,1,2575.1,1
307,64,49,100,9,5510.54,2
307,67,31,33.24,5,1030.44,1
307,84,41,86.68,11,3553.88,2
307,87,11,43.83,6,482.13,1
307,93,18,100,2,1895.94,1
